name,bib,flag,utmb_index,utmb_agegroup,utmb_uri,utmb_name
Grayson MURPHY,1236,ğŸ‡ºğŸ‡¸,792,20-34,https://utmb.world/en/runner/3362651.grayson.murphy,Grayson MURPHY
Allie MCLAUGHLIN,1235,ğŸ‡ºğŸ‡¸,784,20-34,https://utmb.world/en/runner/502504.allie.mclaughlin,Allie MCLAUGHLIN
Christel DEWALLE,1081,ğŸ‡«ğŸ‡·,782,40-44,https://utmb.world/en/runner/42208.christel.dewalle,Christel DEWALLE
Philaries Jeruto KISANG,1130,ğŸ‡°ğŸ‡ª,766,20-34,https://utmb.world/en/runner/4665270.philiaries.kisang,Philiaries KISANG
Francesca GHELFI,1123,ğŸ‡®ğŸ‡¹,754,20-34,https://utmb.world/en/runner/1679987.francesca.ghelfi,Francesca GHELFI
Andrea MAYR,1021,ğŸ‡¦ğŸ‡¹,751,40-44,https://utmb.world/en/runner/342783.andrea.mayr,Andrea MAYR
Judith WYDER,1214,ğŸ‡¨ğŸ‡­,746,35-39,https://utmb.world/en/runner/3337007.judith.wyder,Judith WYDER
Sarah MCCORMACK,1114,ğŸ‡®ğŸ‡ª,739,35-39,https://utmb.world/en/runner/2244909.sarah.mccormack,Sarah MCCORMACK
Scout ADKIN,1087,ğŸ‡¬ğŸ‡§,739,20-34,https://utmb.world/en/runner/3453027.scout.adkin,Scout ADKIN
Laura HOTTENROTT,1099,ğŸ‡©ğŸ‡ª,737,20-34,https://utmb.world/en/runner/4330844.laura.hottenrott,Laura HOTTENROTT
Bianca TARBOTON,1192,ğŸ‡¿ğŸ‡¦,734,20-34,https://utmb.world/en/runner/2501069.bianca.tarboton,Bianca TARBOTON
Elisa SORTINI,1125,ğŸ‡®ğŸ‡¹,734,35-39,https://utmb.world/en/runner/468940.elisa.sortini,Elisa SORTINI
Emma POOLEY,1212,ğŸ‡¨ğŸ‡­,732,40-44,https://utmb.world/en/runner/342793.emma.pooley,Emma POOLEY
Lucija KRKOC,1198,ğŸ‡¸ğŸ‡®,730,35-39,https://utmb.world/en/runner/929147.lucija.krkoc,Lucija KRKOC
Kate AVERY,1088,ğŸ‡¬ğŸ‡§,728,20-34,https://utmb.world/en/runner/4494858.kate.avery,Kate AVERY
Susanna SAAPUNKI,1077,ğŸ‡«ğŸ‡®,724,20-34,https://utmb.world/en/runner/4001334.susanna.saapunki,Susanna SAAPUNKI
Onditz ITURBE,1073,ğŸ‡ªğŸ‡¸,719,20-34,https://utmb.world/en/runner/4635332.onditz.iturbe,Onditz ITURBE
Hana Å VESTKOVÃ STRUÅ½KOVÃ,1058,ğŸ‡¨ğŸ‡¿,712,40-44,https://utmb.world/en/runner/3709173.hana.svestkovastruzkova,Hana SVESTKOVA-STRUZKOVA
Phillipa WILLIAMS,1091,ğŸ‡¬ğŸ‡§,711,20-34,https://utmb.world/en/runner/3709137.phillipa.williams,Phillipa WILLIAMS
Jessica RONAN,1013,ğŸ‡¦ğŸ‡º,710,20-34,https://utmb.world/en/runner/3105993.jessica.ronan,Jessica RONAN
Giselle SLOTBOOM,1156,ğŸ‡³ğŸ‡±,707,20-34,https://utmb.world/en/runner/2330513.giselle.slotboom,Giselle SLOTBOOM
Anne-Marie COMEAU,1034,ğŸ‡¨ğŸ‡¦,706,20-34,https://utmb.world/en/runner/4575106.annemarie.comeau,Anne-Marie COMEAU
Lara HAMILTON,1011,ğŸ‡¦ğŸ‡º,704,20-34,https://utmb.world/en/runner/1909495.lara.hamilton,Lara HAMILTON
Malen OSA,1075,ğŸ‡ªğŸ‡¸,704,20-34,https://utmb.world/en/runner/4592334.malen.osaansa,Malen OSA ANSA
Pavla SCHORNÃ MATYÃÅ OVÃ,1057,ğŸ‡¨ğŸ‡¿,700,40-44,https://utmb.world/en/runner/2330531.pavla.schorna,Pavla SCHORNA
Rachel TOMAJCZYK,1237,ğŸ‡ºğŸ‡¸,697,20-34,https://utmb.world/en/runner/4314735.rachel.tomajczyk,Rachel TOMAJCZYK
Maddalena SOMÃ€,1124,ğŸ‡®ğŸ‡¹,694,20-34,https://utmb.world/en/runner/4228343.maddalena.soma,Maddalena SOMA
KatarÃ­na LOVRANTOVÃ,1215,ğŸ‡¸ğŸ‡°,691,35-39,https://utmb.world/en/runner/673145.katarina.lovrantova,Katarina LOVRANTOVA
Laura HAMPEL,1098,ğŸ‡©ğŸ‡ª,690,20-34,https://utmb.world/en/runner/4219043.laura.hampel,Laura HAMPEL
Lijan VAN NIEKERK,1193,ğŸ‡¿ğŸ‡¦,687,20-34,https://utmb.world/en/runner/4303425.lijan.vanniekerk,Lijan VAN NIEKERK
Varineja DRAÅ LER,1197,ğŸ‡¸ğŸ‡®,671,20-34,https://utmb.world/en/runner/3456935.varineja.drasler,Varineja DRASLER
Elena STEPHENSON,1014,ğŸ‡¦ğŸ‡º,666,20-34,https://utmb.world/en/runner/5138134.elena.stephenson,Elena STEPHENSON
Sara WILLHOIT,1090,ğŸ‡¬ğŸ‡§,655,20-34,https://utmb.world/en/runner/1499733.sara.willhoit,Sara WILLHOIT
Nora MARKHUS,1162,ğŸ‡³ğŸ‡´,652,20-34,https://utmb.world/en/runner/4635344.nora.markhus,Nora MARKHUS
Jennifer ELVIN,1111,ğŸ‡®ğŸ‡ª,641,35-39,https://utmb.world/en/runner/3132587.jennifer.elvin,Jennifer ELVIN
Maria Sol ANDREUCETTI,1005,ğŸ‡¦ğŸ‡·,634,20-34,https://utmb.world/en/runner/757321.mariasol.andreucetti,Maria Sol ANDREUCETTI
Blanca Maribel LLUMIQUINGA LLUMIQUINGA,1065,ğŸ‡ªğŸ‡¨,632,20-34,https://utmb.world/en/runner/4665218.blancamariel.llumiquinga,Blanca-Mariel LLUMIQUINGA
Dominika ZUPANÄŒIÄŒ VALANT,1200,ğŸ‡¸ğŸ‡®,632,20-34,https://utmb.world/en/runner/4543683.dominika.zupancicvalant,Dominika ZUPANCIC VALANT
Rosa GODOY,1007,ğŸ‡¦ğŸ‡·,618,40-44,https://utmb.world/en/runner/4309085.rosa.godoy,Rosa GODOY
Elena Adelina PANAET,1188,ğŸ‡·ğŸ‡´,616,20-34,https://utmb.world/en/runner/4194894.adelinaelena.panaet,Adelina Elena PANAET
Silvia LARA,1074,ğŸ‡ªğŸ‡¸,615,35-39,https://utmb.world/en/runner/736563.silvia.laradieguez,Silvia LARA-DIÃ‰GUEZ
Lisa HEGARTY,1113,ğŸ‡®ğŸ‡ª,604,20-34,https://utmb.world/en/runner/4838822.lisa.hegarty,Lisa HEGARTY
Eszter ÅSI,1105,ğŸ‡­ğŸ‡º,601,20-34,https://utmb.world/en/runner/5000734.eszteraliz.osi,Eszter Aliz OSI
Viviana Carolina RIOS CEDILLO,1067,ğŸ‡ªğŸ‡¨,592,20-34,https://utmb.world/en/runner/4220205.vivianacarolina.rios,Viviana Carolina RIOS
Kate MORRISON,1170,ğŸ‡³ğŸ‡¿,581,20-34,https://utmb.world/en/runner/570926.kate.morrison,Kate MORRISON
Tamara VÃ‰LIZ,1042,ğŸ‡¨ğŸ‡±,573,20-34,https://utmb.world/en/runner/4744876.tamaravaleska.velizolivares,Tamara Valeska VELIZ OLIVARES
Meng-Yun TUNG,1223,ğŸ‡¹ğŸ‡¼,551,35-39,https://utmb.world/en/runner/4078463.mengyun.tung,Meng Yun TUNG
Wan-Yun KAO,1222,ğŸ‡¹ğŸ‡¼,525,20-34,https://utmb.world/en/runner/4871264.wanyun.kao,Wanyun KAO
Wan-Fang CHANG,1221,ğŸ‡¹ğŸ‡¼,511,20-34,https://utmb.world/en/runner/1299097.wanfang.chang,Wan-Fang CHANG
Kriste HINCAITE,1141,ğŸ‡±ğŸ‡¹,489,20-34,https://utmb.world/en/runner/2428521.kriste.hincaite,KristÄ— HINCAITÄ–
Joana SOARES,1181,ğŸ‡µğŸ‡¹,467,35-39,https://utmb.world/en/runner/4947462.joana.soares,Joana SOARES
Judith LOPEZ,1149,ğŸ‡²ğŸ‡½,302,35-39,https://utmb.world/en/runner/5197714.judithguadalupe.escobarlopez,Judith Guadalupe ESCOBAR LÃ“PEZ
Ruth JONES,1089,ğŸ‡¬ğŸ‡§,278,45-49,https://utmb.world/en/runner/4459222.ruth.jones,Ruth JONES
AdÃ©la VETCHÃ,1059,ğŸ‡¨ğŸ‡¿,0,,,
Agate ARMANE,1137,ğŸ‡±ğŸ‡»,0,,,
Aine GOSLING,1112,ğŸ‡®ğŸ‡ª,0,,,
Ainhoa SANZ,1076,ğŸ‡ªğŸ‡¸,0,20-34,https://utmb.world/en/runner/2048987.ainhoa.sanz,Ainhoa SANZ
Alexandra LAWSON,1234,ğŸ‡ºğŸ‡¸,0,50-54,https://utmb.world/en/runner/333680.alexandra.lawson,Alexandra LAWSON
Anja MIKUÅ½,1199,ğŸ‡¸ğŸ‡®,0,20-34,https://utmb.world/en/runner/3991493.anja.mikuz,Anja MIKUÅ½
Anna CELINSKA,1176,ğŸ‡µğŸ‡±,0,40-44,https://utmb.world/en/runner/80592.anna.celinska,Anna CELINSKA
Anna PLATTNER,1022,ğŸ‡¦ğŸ‡¹,0,,,
Annet Chemengich CHELANGAT,1228,ğŸ‡ºğŸ‡¬,0,,,
Camila CIOFFI,1006,ğŸ‡¦ğŸ‡·,0,,,
Carla Alejandra PINOS SANTAMARIA,1066,ğŸ‡ªğŸ‡¨,0,,,
CÃ©line AEBI,1210,ğŸ‡¨ğŸ‡­,0,,,
Diana LANDI ANDRADE,1064,ğŸ‡ªğŸ‡¨,0,35-39,https://utmb.world/en/runner/5198528.diana.landiandrade,Diana LANDI ANDRADE
Domenika MAYER,1100,ğŸ‡©ğŸ‡ª,0,,,
Dominika MÃ‰RÅ,1104,ğŸ‡­ğŸ‡º,0,,,
Emma OSULLIVAN,1012,ğŸ‡¦ğŸ‡º,0,45-49,https://utmb.world/en/runner/3400499.emma.osullivan,Emma OSULLIVAN
Flavia STUTZ,1213,ğŸ‡¨ğŸ‡­,0,,,
Giselle CAMILLERI,1155,ğŸ‡²ğŸ‡¹,0,45-49,https://utmb.world/en/runner/328485.gisele.camilleri,Gisele CAMILLERI
Gundega HEIDINGERE,1138,ğŸ‡±ğŸ‡»,0,40-44,https://utmb.world/en/runner/1984023.gundega.heidingere,Gundega HEIDINGERE
Hanna GRÃ–BER,1097,ğŸ‡©ğŸ‡ª,0,,,
Ida WALDAL,1163,ğŸ‡³ğŸ‡´,0,,,
Jade BELZBERG,1033,ğŸ‡¨ğŸ‡¦,0,,,
Joy CHEPTOYEK,1229,ğŸ‡ºğŸ‡¬,0,,,
Joyce MUTHONI,1131,ğŸ‡°ğŸ‡ª,0,,,
Karin FREITAG,1019,ğŸ‡¦ğŸ‡¹,0,40-44,https://utmb.world/en/runner/167915.karin.freitag,Karin FREITAG
Karoline Holsen KYTE,1161,ğŸ‡³ğŸ‡´,0,,,
KatarÃ­na PEJPKOVA-BEREÅ OVÃ,1216,ğŸ‡¸ğŸ‡°,0,,,
Kerri LABRECQUE,1036,ğŸ‡¨ğŸ‡¦,0,,,
Kinga ZÃ“LYOMI,1106,ğŸ‡­ğŸ‡º,0,45-49,https://utmb.world/en/runner/1572723.kinga.zolyomi,Kinga ZÃ“LYOMI
Liliana Maria DRAGOMIR,1186,ğŸ‡·ğŸ‡´,0,,,
Lucija KOPIÄ†,1049,ğŸ‡­ğŸ‡·,0,20-34,https://utmb.world/en/runner/3405919.lucija.kopic,Lucija KOPIC
Maegan MECKANZIE,1239,ğŸ‡¿ğŸ‡¦,0,,,
Maia FLINT,1169,ğŸ‡³ğŸ‡¿,0,,,
Maria JILOTE,1148,ğŸ‡²ğŸ‡½,0,,,
Maria Magdalena BOSINCEANU,1185,ğŸ‡·ğŸ‡´,0,,,
Marie DESSART,1025,ğŸ‡§ğŸ‡ª,0,40-44,https://utmb.world/en/runner/4191360.marie.dessart,Marie DESSART
Mariel SALAZAR,1150,ğŸ‡²ğŸ‡½,0,20-34,https://utmb.world/en/runner/3892431.americamariel.salazarzamora,America Mariel SALAZAR ZAMORA
Marisa CORTRIGHT,1047,ğŸ‡­ğŸ‡·,0,,,
Melanie MAURER,1211,ğŸ‡¨ğŸ‡­,0,35-39,https://utmb.world/en/runner/3320941.melanie.maurer,Melanie MAURER
Monica Madalina FLOREA,1187,ğŸ‡·ğŸ‡´,0,,,
Rachel BORG,1154,ğŸ‡²ğŸ‡¹,0,,,
Risper CHEBET,1227,ğŸ‡ºğŸ‡¬,0,,,
Sabrina EDWARDS,1168,ğŸ‡³ğŸ‡¿,0,,,
Sandrina ILLES,1020,ğŸ‡¦ğŸ‡¹,0,,,
Sara SUPERINA,1050,ğŸ‡­ğŸ‡·,0,,,
Sarah DOUGLAS,1167,ğŸ‡³ğŸ‡¿,0,35-39,https://utmb.world/en/runner/2330521.douglas.sarah,Douglas SARAH
Sasha GOLLISH,1035,ğŸ‡¨ğŸ‡¦,0,,,
Silvia SCHWAIGER,1217,ğŸ‡¸ğŸ‡°,0,40-44,https://utmb.world/en/runner/2330463.silvia.schwaiger,Silvia SCHWAIGER
Tea FABER,1048,ğŸ‡­ğŸ‡·,0,20-34,https://utmb.world/en/runner/2401277.tea.faber,Tea FABER
Tereza HROCHOVÃ,1056,ğŸ‡¨ğŸ‡¿,0,20-34,https://utmb.world/en/runner/3709151.tereza.hrochova,Tereza HROCHOVA
Valentina BELOTTI,1121,ğŸ‡®ğŸ‡¹,0,40-44,https://utmb.world/en/runner/3310083.valentina.belotti,Valentina BELOTTI
Valentina VENERUCCI,1204,ğŸ‡¸ğŸ‡²,0,,,
Valentine Jepkoech RUTTO,1132,ğŸ‡°ğŸ‡ª,0,,,
Valeria CORREA,1041,ğŸ‡¨ğŸ‡±,0,,,
Virginija BERNOTAITE,1140,ğŸ‡±ğŸ‡¹,0,,,
Vivien BONZI,1122,ğŸ‡®ğŸ‡¹,0,,,
