name,bib,sex,flag,race,utmb_index,utmb_agegroup,utmb_uri,utmb_name
Tove ALEXANDERSSON,4224,F,ğŸ‡¸ğŸ‡ª (Sweden),#5_Mountain Classic Senior,810,20-34,https://utmb.world/en/runner/1719133.tove.alexandersson,Tove ALEXANDERSSON
Grayson MURPHY,1236,F,ğŸ‡ºğŸ‡¸ (United States),#1_Vertical Uphill,792,20-34,https://utmb.world/en/runner/3362651.grayson.murphy,Grayson MURPHY
Grayson MURPHY,4240,F,ğŸ‡ºğŸ‡¸ (United States),#5_Mountain Classic Senior,792,20-34,https://utmb.world/en/runner/3362651.grayson.murphy,Grayson MURPHY
Allie MCLAUGHLIN,1235,F,ğŸ‡ºğŸ‡¸ (United States),#1_Vertical Uphill,784,20-34,https://utmb.world/en/runner/502504.allie.mclaughlin,Allie MCLAUGHLIN
Allie MCLAUGHLIN,4239,F,ğŸ‡ºğŸ‡¸ (United States),#5_Mountain Classic Senior,784,20-34,https://utmb.world/en/runner/502504.allie.mclaughlin,Allie MCLAUGHLIN
Christel DEWALLE,1081,F,ğŸ‡«ğŸ‡· (France),#1_Vertical Uphill,782,40-44,https://utmb.world/en/runner/42208.christel.dewalle,Christel DEWALLE
Christel DEWALLE,4081,F,ğŸ‡«ğŸ‡· (France),#5_Mountain Classic Senior,782,40-44,https://utmb.world/en/runner/42208.christel.dewalle,Christel DEWALLE
Azara GARCÃA,3096,F,ğŸ‡ªğŸ‡¸ (Spain),#2_Trail Long,781,40-44,https://utmb.world/en/runner/531472.azara.garcia,Azara GARCIA
Brittany CHARBONEAU,2351,F,ğŸ‡ºğŸ‡¸ (United States),#3_Trail Short,781,35-39,https://utmb.world/en/runner/3366247.brittany.charboneau,Brittany CHARBONEAU
Jennifer LICHTER,2353,F,ğŸ‡ºğŸ‡¸ (United States),#3_Trail Short,778,20-34,https://utmb.world/en/runner/4220907.jennifer.lichter,Jennifer LICHTER
Nuria GIL,2111,F,ğŸ‡ªğŸ‡¸ (Spain),#3_Trail Short,769,20-34,https://utmb.world/en/runner/669262.nuria.gilclapera,Nuria GIL CLAPERA
Caitlin FIELDER,2255,F,ğŸ‡³ğŸ‡¿ (New Zealand),#3_Trail Short,767,20-34,https://utmb.world/en/runner/951229.caitlin.fielder,Caitlin FIELDER
Marcela VAÅ ÃNOVÃ,3076,F,ğŸ‡¨ğŸ‡¿ (Czech Republic),#2_Trail Long,766,20-34,https://utmb.world/en/runner/2228283.marcela.vasinova,Marcela VASINOVA
Philaries Jeruto KISANG,1130,F,ğŸ‡°ğŸ‡ª (Kenya),#1_Vertical Uphill,766,20-34,https://utmb.world/en/runner/4665270.philiaries.kisang,Philiaries KISANG
Philaries Jeruto KISANG,4134,F,ğŸ‡°ğŸ‡ª (Kenya),#5_Mountain Classic Senior,766,20-34,https://utmb.world/en/runner/4665270.philiaries.kisang,Philiaries KISANG
Sunmaya BUDHA,3221,F,ğŸ‡³ğŸ‡µ (Nepal),#2_Trail Long,766,20-34,https://utmb.world/en/runner/4327422.sunmaya.budha,Sunmaya BUDHA
Rosanna BUCHAUER,3130,F,ğŸ‡©ğŸ‡ª (Germany),#2_Trail Long,765,20-34,https://utmb.world/en/runner/1413011.rosanna.buchauer,Rosanna BUCHAUER
Andrea KOLBEINSDÃ“TTIR,2183,F,ğŸ‡®ğŸ‡¸ (Iceland),#3_Trail Short,764,20-34,https://utmb.world/en/runner/1652483.andrea.kolbeinsdottir,Andrea KOLBEINSDÃ“TTIR
Emkay SULLIVAN,2356,F,ğŸ‡ºğŸ‡¸ (United States),#3_Trail Short,763,20-34,https://utmb.world/en/runner/2571601.emkay.sullivan,Emkay SULLIVAN
Genma ARENAS ALCAZAR,3095,F,ğŸ‡ªğŸ‡¸ (Spain),#2_Trail Long,763,40-44,https://utmb.world/en/runner/563721.gemma.arenas,Gemma ARENAS
Manon BOHARD CAILLER,3111,F,ğŸ‡«ğŸ‡· (France),#2_Trail Long,763,20-34,https://utmb.world/en/runner/896047.manon.bohardcailler,Manon BOHARD CAILLER
Audrey TANGUY,3115,F,ğŸ‡«ğŸ‡· (France),#2_Trail Long,762,35-39,https://utmb.world/en/runner/641177.audrey.tanguy,Audrey TANGUY
Hannah OSOWSKI,3311,F,ğŸ‡ºğŸ‡¸ (United States),#2_Trail Long,762,20-34,https://utmb.world/en/runner/1598027.hannah.osowski,Hannah OSOWSKI
Toni MCCANN,2297,F,ğŸ‡¿ğŸ‡¦ (South Africa),#3_Trail Short,762,20-34,https://utmb.world/en/runner/2011593.toni.mccann,Toni MCCANN
Charlotte MOERMAN,2036,F,ğŸ‡§ğŸ‡ª (Belgium),#3_Trail Short,760,20-34,https://utmb.world/en/runner/989371.charlotte.moerman,Charlotte MOERMAN
Clare GALLAGHER,3309,F,ğŸ‡ºğŸ‡¸ (United States),#2_Trail Long,760,20-34,https://utmb.world/en/runner/590348.clare.gallagher,Clare GALLAGHER
Clementine GEOFFRAY,2133,F,ğŸ‡«ğŸ‡· (France),#3_Trail Short,757,20-34,https://utmb.world/en/runner/517867.clementine.geoffray,Clementine GEOFFRAY
Fabiola CONTI,2197,F,ğŸ‡®ğŸ‡¹ (Italy),#3_Trail Short,757,20-34,https://utmb.world/en/runner/4005177.fabiola.conti,Fabiola CONTI
Oihana KORTAZAR,2113,F,ğŸ‡ªğŸ‡¸ (Spain),#3_Trail Short,756,35-39,https://utmb.world/en/runner/13281.oihana.kortazar,Oihana KORTAZAR
Eleanor DAVIS,2143,F,ğŸ‡¬ğŸ‡§ (United Kingdom),#3_Trail Short,755,20-34,https://utmb.world/en/runner/4194384.eleanor.davis,Eleanor DAVIS
Francesca GHELFI,1123,F,ğŸ‡®ğŸ‡¹ (Italy),#1_Vertical Uphill,754,20-34,https://utmb.world/en/runner/1679987.francesca.ghelfi,Francesca GHELFI
Francesca GHELFI,4128,F,ğŸ‡®ğŸ‡¹ (Italy),#5_Mountain Classic Senior,754,20-34,https://utmb.world/en/runner/1679987.francesca.ghelfi,Francesca GHELFI
Ariane WILHEM,2313,F,ğŸ‡¨ğŸ‡­ (Switzerland),#3_Trail Short,753,20-34,https://utmb.world/en/runner/1523695.ariane.wilhem,Ariane WILHEM
Marie PERRIER,2242,F,ğŸ‡²ğŸ‡º (Mauritius),#3_Trail Short,753,20-34,https://utmb.world/en/runner/633798.marie.perrier,Marie PERRIER
Andrea MAYR,1021,F,ğŸ‡¦ğŸ‡¹ (Austria),#1_Vertical Uphill,751,40-44,https://utmb.world/en/runner/342783.andrea.mayr,Andrea MAYR
Anna-Stiina ERKKILÃ„,2122,F,ğŸ‡«ğŸ‡® (Finland),#3_Trail Short,751,20-34,https://utmb.world/en/runner/3041669.annastiina.erkkila,Anna-Stiina ERKKILA
Elise PONCET,4083,F,ğŸ‡«ğŸ‡· (France),#5_Mountain Classic Senior,750,20-34,https://utmb.world/en/runner/538635.elise.poncet,Elise PONCET
Johanna ANTILA,3102,F,ğŸ‡«ğŸ‡® (Finland),#2_Trail Long,750,40-44,https://utmb.world/en/runner/3421721.johanna.antila,Johanna ANTILA
Kimber MATTOX,2354,F,ğŸ‡ºğŸ‡¸ (United States),#3_Trail Short,750,35-39,https://utmb.world/en/runner/4057096.kimber.mattox,Kimber MATTOX
Yuri YOSHIZUMI,3180,F,ğŸ‡¯ğŸ‡µ (Japan),#2_Trail Long,750,35-39,https://utmb.world/en/runner/1092705.yuri.yoshizumi,Yuri YOSHIZUMI
Karina CARSOLIO,2238,F,ğŸ‡²ğŸ‡½ (Mexico),#3_Trail Short,749,20-34,https://utmb.world/en/runner/716192.karina.carsolioavila,Karina CARSOLIO AVILA
Paulina TRACZ,3250,F,ğŸ‡µğŸ‡± (Poland),#2_Trail Long,749,20-34,https://utmb.world/en/runner/945167.paulina.tracz,Paulina TRACZ
Giuditta TURINI,3170,F,ğŸ‡®ğŸ‡¹ (Italy),#2_Trail Long,748,20-34,https://utmb.world/en/runner/1555421.giuditta.turini,Giuditta TURINI
Emilia BRANGEFÃ„LT,2326,F,ğŸ‡¸ğŸ‡ª (Sweden),#3_Trail Short,747,20-34,https://utmb.world/en/runner/4201696.emilia.brangefalt,Emilia BRANGEFÃ„LT
Julia FONT,2110,F,ğŸ‡ªğŸ‡¸ (Spain),#3_Trail Short,747,20-34,https://utmb.world/en/runner/736549.julia.fontgomez,Julia FONT GOMEZ
Judith WYDER,1214,F,ğŸ‡¨ğŸ‡­ (Switzerland),#1_Vertical Uphill,746,35-39,https://utmb.world/en/runner/3337007.judith.wyder,Judith WYDER
Judith WYDER,2314,F,ğŸ‡¨ğŸ‡­ (Switzerland),#3_Trail Short,746,35-39,https://utmb.world/en/runner/3337007.judith.wyder,Judith WYDER
Katarzyna WILK,3251,F,ğŸ‡µğŸ‡± (Poland),#2_Trail Long,746,35-39,https://utmb.world/en/runner/1842905.katarzyna.wilk,Katarzyna WILK
Anna MCKENNA,3020,F,ğŸ‡¦ğŸ‡º (Australia),#2_Trail Long,745,20-34,https://utmb.world/en/runner/4158468.anna.mckenna,Anna MCKENNA
Louise SERBAN-PENHOAT,2136,F,ğŸ‡«ğŸ‡· (France),#3_Trail Short,745,20-34,https://utmb.world/en/runner/4170799.louise.serbanpenhoat,Louise SERBAN-PENHOAT
Bailey KOWALCZYK,2352,F,ğŸ‡ºğŸ‡¸ (United States),#3_Trail Short,744,20-34,https://utmb.world/en/runner/3306845.bailey.kowalczyk,Bailey KOWALCZYK
Alice GAGGI,2199,F,ğŸ‡®ğŸ‡¹ (Italy),#3_Trail Short,743,35-39,https://utmb.world/en/runner/678361.alice.gaggi,Alice GAGGI
Alice GAGGI,4127,F,ğŸ‡®ğŸ‡¹ (Italy),#5_Mountain Classic Senior,743,35-39,https://utmb.world/en/runner/678361.alice.gaggi,Alice GAGGI
Marion DELESPIERRE,3112,F,ğŸ‡«ğŸ‡· (France),#2_Trail Long,743,35-39,https://utmb.world/en/runner/385957.marion.delespierre,Marion DELESPIERRE
Lucille GERMAIN,2134,F,ğŸ‡«ğŸ‡· (France),#3_Trail Short,740,20-34,https://utmb.world/en/runner/1719983.lucille.germain,Lucille GERMAIN
Cecilia BASSO,2195,F,ğŸ‡®ğŸ‡¹ (Italy),#3_Trail Short,739,20-34,https://utmb.world/en/runner/1555381.cecilia.basso,Cecilia BASSO
Petra TRATNIK,2301,F,ğŸ‡¸ğŸ‡® (Slovenia),#3_Trail Short,739,35-39,https://utmb.world/en/runner/1371859.petra.tratnik,Petra TRATNIK
Sarah MCCORMACK,1114,F,ğŸ‡®ğŸ‡ª (Ireland),#1_Vertical Uphill,739,35-39,https://utmb.world/en/runner/2244909.sarah.mccormack,Sarah MCCORMACK
Sarah MCCORMACK,4115,F,ğŸ‡®ğŸ‡ª (Ireland),#5_Mountain Classic Senior,739,35-39,https://utmb.world/en/runner/2244909.sarah.mccormack,Sarah MCCORMACK
Scout ADKIN,1087,F,ğŸ‡¬ğŸ‡§ (United Kingdom),#1_Vertical Uphill,739,20-34,https://utmb.world/en/runner/3453027.scout.adkin,Scout ADKIN
Scout ADKIN,4089,F,ğŸ‡¬ğŸ‡§ (United Kingdom),#5_Mountain Classic Senior,739,20-34,https://utmb.world/en/runner/3453027.scout.adkin,Scout ADKIN
Theresa LEBOEUF,2310,F,ğŸ‡¨ğŸ‡­ (Switzerland),#3_Trail Short,739,35-39,https://utmb.world/en/runner/722084.theres.leboeuf,Theres LEBOEUF
Barbora MACUROVÃ,2085,F,ğŸ‡¨ğŸ‡¿ (Czech Republic),#3_Trail Short,737,20-34,https://utmb.world/en/runner/3933573.barbora.macurova,Barbora MACUROVÃ
Laura HOTTENROTT,1099,F,ğŸ‡©ğŸ‡ª (Germany),#1_Vertical Uphill,737,20-34,https://utmb.world/en/runner/4330844.laura.hottenrott,Laura HOTTENROTT
Laura HOTTENROTT,2151,F,ğŸ‡©ğŸ‡ª (Germany),#3_Trail Short,737,20-34,https://utmb.world/en/runner/4330844.laura.hottenrott,Laura HOTTENROTT
Bianca TARBOTON,1192,F,ğŸ‡¿ğŸ‡¦ (South Africa),#1_Vertical Uphill,734,20-34,https://utmb.world/en/runner/2501069.bianca.tarboton,Bianca TARBOTON
Bianca TARBOTON,4199,F,ğŸ‡¿ğŸ‡¦ (South Africa),#5_Mountain Classic Senior,734,20-34,https://utmb.world/en/runner/2501069.bianca.tarboton,Bianca TARBOTON
Daniela OEMUS,2155,F,ğŸ‡©ğŸ‡ª (Germany),#3_Trail Short,734,20-34,https://utmb.world/en/runner/1537791.daniela.oemus,Daniela OEMUS
Elisa SORTINI,1125,F,ğŸ‡®ğŸ‡¹ (Italy),#1_Vertical Uphill,734,35-39,https://utmb.world/en/runner/468940.elisa.sortini,Elisa SORTINI
Elisa SORTINI,4129,F,ğŸ‡®ğŸ‡¹ (Italy),#5_Mountain Classic Senior,734,35-39,https://utmb.world/en/runner/468940.elisa.sortini,Elisa SORTINI
Ida-Sophie HEGEMANN,3132,F,ğŸ‡©ğŸ‡ª (Germany),#2_Trail Long,734,20-34,https://utmb.world/en/runner/2228289.idasophie.hegemann,Ida-Sophie HEGEMANN
Martina VALMASSOI,3171,F,ğŸ‡®ğŸ‡¹ (Italy),#2_Trail Long,733,20-34,https://utmb.world/en/runner/360942.martina.valmassoi,Martina VALMASSOI
Emma POOLEY,1212,F,ğŸ‡¨ğŸ‡­ (Switzerland),#1_Vertical Uphill,732,40-44,https://utmb.world/en/runner/342793.emma.pooley,Emma POOLEY
Emma POOLEY,2311,F,ğŸ‡¨ğŸ‡­ (Switzerland),#3_Trail Short,732,40-44,https://utmb.world/en/runner/342793.emma.pooley,Emma POOLEY
Emelie FORSBERG,2327,F,ğŸ‡¸ğŸ‡ª (Sweden),#3_Trail Short,731,35-39,https://utmb.world/en/runner/13313.emelie.forsberg,Emelie FORSBERG
Ikram RHARSALLA,2114,F,ğŸ‡ªğŸ‡¸ (Spain),#3_Trail Short,731,20-34,https://utmb.world/en/runner/3449957.ikram.rharsalla,Ikram RHARSALLA
Jocelyne PAULY,3114,F,ğŸ‡«ğŸ‡· (France),#2_Trail Long,730,50-54,https://utmb.world/en/runner/437071.jocelyne.pauly,Jocelyne PAULY
Lucija KRKOC,1198,F,ğŸ‡¸ğŸ‡® (Slovenia),#1_Vertical Uphill,730,35-39,https://utmb.world/en/runner/929147.lucija.krkoc,Lucija KRKOC
Lucija KRKOC,4205,F,ğŸ‡¸ğŸ‡® (Slovenia),#5_Mountain Classic Senior,730,35-39,https://utmb.world/en/runner/929147.lucija.krkoc,Lucija KRKOC
Sara BOTTARELLI,4126,F,ğŸ‡®ğŸ‡¹ (Italy),#5_Mountain Classic Senior,729,20-34,https://utmb.world/en/runner/442028.sara.bottarelli,Sara BOTTARELLI
Sylvia NORDSKAR,2251,F,ğŸ‡³ğŸ‡´ (Norway),#3_Trail Short,729,20-34,https://utmb.world/en/runner/2229091.sylvia.nordskar,Sylvia NORDSKAR
Kate AVERY,1088,F,ğŸ‡¬ğŸ‡§ (United Kingdom),#1_Vertical Uphill,728,20-34,https://utmb.world/en/runner/4494858.kate.avery,Kate AVERY
Martina KLANÄŒNIK POTRÄŒ,3274,F,ğŸ‡¸ğŸ‡® (Slovenia),#2_Trail Long,728,20-34,https://utmb.world/en/runner/2050519.martina.klancnikpotrc,Martina KLANCNIK POTRÄŒ
Shea AQUILANO,3307,F,ğŸ‡ºğŸ‡¸ (United States),#2_Trail Long,728,20-34,https://utmb.world/en/runner/4081167.shea.aquilano,Shea AQUILANO
Allison BACA,3308,F,ğŸ‡ºğŸ‡¸ (United States),#2_Trail Long,725,20-34,https://utmb.world/en/runner/2584457.allison.baca,Allison BACA
Marina CUGNETTO,3167,F,ğŸ‡®ğŸ‡¹ (Italy),#2_Trail Long,725,20-34,https://utmb.world/en/runner/2219167.marina.cugnetto,Marina CUGNETTO
Eli Anne DVERGSDAL,2250,F,ğŸ‡³ğŸ‡´ (Norway),#3_Trail Short,724,20-34,https://utmb.world/en/runner/666243.elianne.dvergsdal,Eli Anne DVERGSDAL
Eli Anne DVERGSDAL,4162,F,ğŸ‡³ğŸ‡´ (Norway),#5_Mountain Classic Senior,724,20-34,https://utmb.world/en/runner/666243.elianne.dvergsdal,Eli Anne DVERGSDAL
Emily SCHMITZ,3312,F,ğŸ‡ºğŸ‡¸ (United States),#2_Trail Long,724,40-44,https://utmb.world/en/runner/1929711.emily.schmitz,Emily SCHMITZ
Susanna SAAPUNKI,1077,F,ğŸ‡«ğŸ‡® (Finland),#1_Vertical Uphill,724,20-34,https://utmb.world/en/runner/4001334.susanna.saapunki,Susanna SAAPUNKI
Susanna SAAPUNKI,4075,F,ğŸ‡«ğŸ‡® (Finland),#5_Mountain Classic Senior,724,20-34,https://utmb.world/en/runner/4001334.susanna.saapunki,Susanna SAAPUNKI
Andreea Alina PISCU,2290,F,ğŸ‡·ğŸ‡´ (Romania),#3_Trail Short,723,20-34,https://utmb.world/en/runner/4959813.piscu.andreeaalina,Andreea Alina PISCU (Piscu ANDREEA ALINA)
Esther EUSTACHE,2132,F,ğŸ‡«ğŸ‡· (France),#3_Trail Short,723,20-34,https://utmb.world/en/runner/2098053.esther.eustache,Esther EUSTACHE
Katarzyna SOLINSKA,3249,F,ğŸ‡µğŸ‡± (Poland),#2_Trail Long,722,20-34,https://utmb.world/en/runner/1099697.katarzyna.solinska,Katarzyna SOLINSKA
Noemie VACHON,2137,F,ğŸ‡«ğŸ‡· (France),#3_Trail Short,722,20-34,https://utmb.world/en/runner/3699605.noemie.vachon,Noemie VACHON
Patricia MCKIBBIN,2020,F,ğŸ‡¦ğŸ‡º (Australia),#3_Trail Short,722,35-39,https://utmb.world/en/runner/3657167.patricia.mckibbin,Patricia MCKIBBIN
Lindsay WEBSTER,4035,F,ğŸ‡¨ğŸ‡¦ (Canada),#5_Mountain Classic Senior,721,20-34,https://utmb.world/en/runner/667690.lindsay.webster,Lindsay WEBSTER
Marie GONCALVES,2135,F,ğŸ‡«ğŸ‡· (France),#3_Trail Short,721,20-34,https://utmb.world/en/runner/3891133.marie.goncalves,Marie GONCALVES
Natalia GEMPERLE,4219,F,ğŸ‡¨ğŸ‡­ (Switzerland),#5_Mountain Classic Senior,721,20-34,https://utmb.world/en/runner/4635330.natalia.gemperle,Natalia GEMPERLE
Sarah KEYES,3310,F,ğŸ‡ºğŸ‡¸ (United States),#2_Trail Long,721,35-39,https://utmb.world/en/runner/4450292.sarah.keyes,Sarah KEYES
Akiyama HONOKA,3178,F,ğŸ‡¯ğŸ‡µ (Japan),#2_Trail Long,720,20-34,https://utmb.world/en/runner/1575819.honoka.akiyama,Honoka AKIYAMA
Camilla SPAGNOL,3169,F,ğŸ‡®ğŸ‡¹ (Italy),#2_Trail Long,719,20-34,https://utmb.world/en/runner/2140911.camilla.spagnol,Camilla SPAGNOL
Onditz ITURBE,1073,F,ğŸ‡ªğŸ‡¸ (Spain),#1_Vertical Uphill,719,20-34,https://utmb.world/en/runner/4635332.onditz.iturbe,Onditz ITURBE
Onditz ITURBE,4070,F,ğŸ‡ªğŸ‡¸ (Spain),#5_Mountain Classic Senior,719,20-34,https://utmb.world/en/runner/4635332.onditz.iturbe,Onditz ITURBE
Sara-Rebekka FÃ¦rÃ¸ LINDE,3230,F,ğŸ‡³ğŸ‡´ (Norway),#2_Trail Long,718,40-44,https://utmb.world/en/runner/2307519.sararebekkafaro.linde,Sara-Rebekka FÃ¦rÃ¸ LINDE
Arden YOUNG,3049,F,ğŸ‡¨ğŸ‡¦ (Canada),#2_Trail Long,716,35-39,https://utmb.world/en/runner/382627.arden.young,Arden YOUNG
Esther FELLHOFER,3030,F,ğŸ‡¦ğŸ‡¹ (Austria),#2_Trail Long,716,20-34,https://utmb.world/en/runner/3175353.esther.fellhofer,Esther FELLHOFER
Holly PAGE,4092,F,ğŸ‡¬ğŸ‡§ (United Kingdom),#5_Mountain Classic Senior,716,20-34,https://utmb.world/en/runner/4635334.holly.page,Holly PAGE
Martina CHIALVO,2196,F,ğŸ‡®ğŸ‡¹ (Italy),#3_Trail Short,716,35-39,https://utmb.world/en/runner/387727.martina.chialvo,Martina CHIALVO
Meg MACKENZIE,2296,F,ğŸ‡¿ğŸ‡¦ (South Africa),#3_Trail Short,716,35-39,https://utmb.world/en/runner/673140.meg.mackenzie,Meg MACKENZIE
Anne-Marie MADDEN,3046,F,ğŸ‡¨ğŸ‡¦ (Canada),#2_Trail Long,715,40-44,https://utmb.world/en/runner/327807.annemarie.madden,Anne-Marie MADDEN
Dominique VAN MECHGELEN,3034,F,ğŸ‡§ğŸ‡ª (Belgium),#2_Trail Long,715,40-44,https://utmb.world/en/runner/833328.dominique.vanmechgelen,Dominique VAN MECHGELEN
Natalia GONZALEZ,2112,F,ğŸ‡ªğŸ‡¸ (Spain),#3_Trail Short,714,20-34,https://utmb.world/en/runner/4182619.natalia.gonzalezbarrachina,Natalia GONZALEZ BARRACHINA
Takako TAKAMURA,3179,F,ğŸ‡¯ğŸ‡µ (Japan),#2_Trail Long,714,20-34,https://utmb.world/en/runner/695252.takako.takamura,Takako TAKAMURA
Hana Å VESTKOVÃ STRUÅ½KOVÃ,1058,F,ğŸ‡¨ğŸ‡¿ (Czech Republic),#1_Vertical Uphill,712,40-44,https://utmb.world/en/runner/3709173.hana.svestkovastruzkova,Hana SVESTKOVA-STRUZKOVA
Hana Å VESTKOVÃ STRUÅ½KOVÃ,4055,F,ğŸ‡¨ğŸ‡¿ (Czech Republic),#5_Mountain Classic Senior,712,40-44,https://utmb.world/en/runner/3709173.hana.svestkovastruzkova,Hana SVESTKOVA-STRUZKOVA
Phillipa WILLIAMS,1091,F,ğŸ‡¬ğŸ‡§ (United Kingdom),#1_Vertical Uphill,711,20-34,https://utmb.world/en/runner/3709137.phillipa.williams,Phillipa WILLIAMS
Phillipa WILLIAMS,4093,F,ğŸ‡¬ğŸ‡§ (United Kingdom),#5_Mountain Classic Senior,711,20-34,https://utmb.world/en/runner/3709137.phillipa.williams,Phillipa WILLIAMS
Jessica RONAN,1013,F,ğŸ‡¦ğŸ‡º (Australia),#1_Vertical Uphill,710,20-34,https://utmb.world/en/runner/3105993.jessica.ronan,Jessica RONAN
Jessica RONAN,4015,F,ğŸ‡¦ğŸ‡º (Australia),#5_Mountain Classic Senior,710,20-34,https://utmb.world/en/runner/3105993.jessica.ronan,Jessica RONAN
Mari Klakegg FENRE,3229,F,ğŸ‡³ğŸ‡´ (Norway),#2_Trail Long,710,35-39,https://utmb.world/en/runner/4217537.mariklakegg.fenre,Mari Klakegg FENRE
Alissa ST LAURENT,3048,F,ğŸ‡¨ğŸ‡¦ (Canada),#2_Trail Long,709,35-39,https://utmb.world/en/runner/327907.alissa.stlaurent,Alissa ST-LAURENT
Lena LAUKNER,2154,F,ğŸ‡©ğŸ‡ª (Germany),#3_Trail Short,709,20-34,https://utmb.world/en/runner/1181217.lena.laukner,Lena LAUKNER
Fiona PASCALL,3124,F,ğŸ‡¬ğŸ‡§ (United Kingdom),#2_Trail Long,708,20-34,https://utmb.world/en/runner/4004097.fiona.pascall,Fiona PASCALL
Johanna GELFGREN,2328,F,ğŸ‡¸ğŸ‡ª (Sweden),#3_Trail Short,708,20-34,https://utmb.world/en/runner/2111075.johanna.gelfgren,Johanna GELFGREN
Martina CUMERLATO,2198,F,ğŸ‡®ğŸ‡¹ (Italy),#3_Trail Short,708,20-34,https://utmb.world/en/runner/2230271.martina.cumerlato,Martina CUMERLATO
Giselle SLOTBOOM,1156,F,ğŸ‡³ğŸ‡± (Netherlands),#1_Vertical Uphill,707,20-34,https://utmb.world/en/runner/2330513.giselle.slotboom,Giselle SLOTBOOM
Giselle SLOTBOOM,4157,F,ğŸ‡³ğŸ‡± (Netherlands),#5_Mountain Classic Senior,707,20-34,https://utmb.world/en/runner/2330513.giselle.slotboom,Giselle SLOTBOOM
Katie MORGAN,2257,F,ğŸ‡³ğŸ‡¿ (New Zealand),#3_Trail Short,707,20-34,https://utmb.world/en/runner/4727976.katie.morgan,Katie MORGAN
Oana MIHALCEA,2289,F,ğŸ‡·ğŸ‡´ (Romania),#3_Trail Short,707,35-39,https://utmb.world/en/runner/1899615.oana.mihalcea,Oana MIHALCEA
Anne-Marie COMEAU,1034,F,ğŸ‡¨ğŸ‡¦ (Canada),#1_Vertical Uphill,706,20-34,https://utmb.world/en/runner/4575106.annemarie.comeau,Anne-Marie COMEAU
Anne-Marie COMEAU,4032,F,ğŸ‡¨ğŸ‡¦ (Canada),#5_Mountain Classic Senior,706,20-34,https://utmb.world/en/runner/4575106.annemarie.comeau,Anne-Marie COMEAU
Sharon TAYLOR,2145,F,ğŸ‡¬ğŸ‡§ (United Kingdom),#3_Trail Short,706,40-44,https://utmb.world/en/runner/3360241.sharon.taylor,Sharon TAYLOR
Nina ZOLLER,2315,F,ğŸ‡¨ğŸ‡­ (Switzerland),#3_Trail Short,705,35-39,https://utmb.world/en/runner/100120.nina.zoller,Nina ZOLLER
InÃªs JOÃƒO,2281,F,ğŸ‡µğŸ‡¹ (Portugal),#3_Trail Short,704,40-44,https://utmb.world/en/runner/2585231.brigidaines.joao,BrÃ­gida InÃªs JOÃƒO
Jasmin PARIS,3123,F,ğŸ‡¬ğŸ‡§ (United Kingdom),#2_Trail Long,704,40-44,https://utmb.world/en/runner/318621.jasmin.paris,Jasmin PARIS
Lara HAMILTON,1011,F,ğŸ‡¦ğŸ‡º (Australia),#1_Vertical Uphill,704,20-34,https://utmb.world/en/runner/1909495.lara.hamilton,Lara HAMILTON
Lara HAMILTON,4014,F,ğŸ‡¦ğŸ‡º (Australia),#5_Mountain Classic Senior,704,20-34,https://utmb.world/en/runner/1909495.lara.hamilton,Lara HAMILTON
Malen OSA,1075,F,ğŸ‡ªğŸ‡¸ (Spain),#1_Vertical Uphill,704,20-34,https://utmb.world/en/runner/4592334.malen.osaansa,Malen OSA ANSA
Malen OSA,4072,F,ğŸ‡ªğŸ‡¸ (Spain),#5_Mountain Classic Senior,704,20-34,https://utmb.world/en/runner/4592334.malen.osaansa,Malen OSA ANSA
Kellie ANGEL,2018,F,ğŸ‡¦ğŸ‡º (Australia),#3_Trail Short,703,35-39,https://utmb.world/en/runner/4455628.kellie.angel,Kellie ANGEL
Meryl COOPER,3121,F,ğŸ‡¬ğŸ‡§ (United Kingdom),#2_Trail Long,703,35-39,https://utmb.world/en/runner/1505787.meryl.cooper,Meryl COOPER
Ainara URRUTIA,2115,F,ğŸ‡ªğŸ‡¸ (Spain),#3_Trail Short,701,40-44,https://utmb.world/en/runner/4016640.ainara.urrutiayurrebaso,Ainara URRUTIA YURREBASO
Cristina ARREIOL,2279,F,ğŸ‡µğŸ‡¹ (Portugal),#3_Trail Short,701,20-34,https://utmb.world/en/runner/3457513.cristina.arreiol,Cristina ARREIOL
Rebecca CHEPTEGEI,4231,F,ğŸ‡ºğŸ‡¬ (Uganda),#5_Mountain Classic Senior,701,20-34,https://utmb.world/en/runner/4665216.rebecca.cheptegei,Rebecca CHEPTEGEI
Suzuha KUSUDA,2203,F,ğŸ‡¯ğŸ‡µ (Japan),#3_Trail Short,701,20-34,https://utmb.world/en/runner/2381273.suzuha.kusuda,Suzuha KUSUDA
Chiara GIOVANDO,2200,F,ğŸ‡®ğŸ‡¹ (Italy),#3_Trail Short,700,40-44,https://utmb.world/en/runner/1738785.chiara.giovando,Chiara GIOVANDO
Emily VAUDAN,3283,F,ğŸ‡¨ğŸ‡­ (Switzerland),#2_Trail Long,700,40-44,https://utmb.world/en/runner/20837.emily.vaudan,Emily VAUDAN
Pavla SCHORNÃ MATYÃÅ OVÃ,1057,F,ğŸ‡¨ğŸ‡¿ (Czech Republic),#1_Vertical Uphill,700,40-44,https://utmb.world/en/runner/2330531.pavla.schorna,Pavla SCHORNA
Pavla SCHORNÃ MATYÃÅ OVÃ,4054,F,ğŸ‡¨ğŸ‡¿ (Czech Republic),#5_Mountain Classic Senior,700,40-44,https://utmb.world/en/runner/2330531.pavla.schorna,Pavla SCHORNA
Kalie MCCRYSTAL,2058,F,ğŸ‡¨ğŸ‡¦ (Canada),#3_Trail Short,699,35-39,https://utmb.world/en/runner/4275869.kalie.mccrystal,Kalie MCCRYSTAL
IrÃ©n TIRICZ,3145,F,ğŸ‡­ğŸ‡º (Hungary),#2_Trail Long,698,35-39,https://utmb.world/en/runner/1100345.iren.tiricz,Iren TIRICZ
Rachel TOMAJCZYK,1237,F,ğŸ‡ºğŸ‡¸ (United States),#1_Vertical Uphill,697,20-34,https://utmb.world/en/runner/4314735.rachel.tomajczyk,Rachel TOMAJCZYK
Rachel TOMAJCZYK,4241,F,ğŸ‡ºğŸ‡¸ (United States),#5_Mountain Classic Senior,697,20-34,https://utmb.world/en/runner/4314735.rachel.tomajczyk,Rachel TOMAJCZYK
Linda BOLDÄ€NE,3192,F,ğŸ‡±ğŸ‡» (Latvia),#2_Trail Long,696,20-34,https://utmb.world/en/runner/1789773.linda.boldane,Linda BOLDANE
Greyling LANDIE,2295,F,ğŸ‡¿ğŸ‡¦ (South Africa),#3_Trail Short,695,35-39,https://utmb.world/en/runner/156171.landie.greyling,Landie GREYLING
Maddalena SOMÃ€,1124,F,ğŸ‡®ğŸ‡¹ (Italy),#1_Vertical Uphill,694,20-34,https://utmb.world/en/runner/4228343.maddalena.soma,Maddalena SOMA
ErcÃ­lia MACHADO,2282,F,ğŸ‡µğŸ‡¹ (Portugal),#3_Trail Short,692,35-39,https://utmb.world/en/runner/1748669.ercilia.machado,Ercilia MACHADO
Eva-Maria SPERGER,3134,F,ğŸ‡©ğŸ‡ª (Germany),#2_Trail Long,691,40-44,https://utmb.world/en/runner/708080.evamaria.sperger,Eva Maria SPERGER
Isabell BICHLER,2030,F,ğŸ‡¦ğŸ‡¹ (Austria),#3_Trail Short,691,20-34,https://utmb.world/en/runner/3035173.isabell.bichler,Isabell BICHLER
KatarÃ­na LOVRANTOVÃ,1215,F,ğŸ‡¸ğŸ‡° (Slovakia),#1_Vertical Uphill,691,35-39,https://utmb.world/en/runner/673145.katarina.lovrantova,Katarina LOVRANTOVA
KatarÃ­na LOVRANTOVÃ,4222,F,ğŸ‡¸ğŸ‡° (Slovakia),#5_Mountain Classic Senior,691,35-39,https://utmb.world/en/runner/673145.katarina.lovrantova,Katarina LOVRANTOVA
Marjo LIIKANEN,3103,F,ğŸ‡«ğŸ‡® (Finland),#2_Trail Long,691,20-34,https://utmb.world/en/runner/1552841.marjo.liikanen,Marjo LIIKANEN
Laura HAMPEL,1098,F,ğŸ‡©ğŸ‡ª (Germany),#1_Vertical Uphill,690,20-34,https://utmb.world/en/runner/4219043.laura.hampel,Laura HAMPEL
Laura HAMPEL,4099,F,ğŸ‡©ğŸ‡ª (Germany),#5_Mountain Classic Senior,690,20-34,https://utmb.world/en/runner/4219043.laura.hampel,Laura HAMPEL
Francesca PRETTO,3168,F,ğŸ‡®ğŸ‡¹ (Italy),#2_Trail Long,689,45-49,https://utmb.world/en/runner/345172.francesca.pretto,Francesca PRETTO
Julia DAVIS,3122,F,ğŸ‡¬ğŸ‡§ (United Kingdom),#2_Trail Long,689,35-39,https://utmb.world/en/runner/2017089.julia.davis,Julia DAVIS
Rea ISELI,4220,F,ğŸ‡¨ğŸ‡­ (Switzerland),#5_Mountain Classic Senior,689,20-34,https://utmb.world/en/runner/5052208.rea.iseli,Rea ISELI
Barbara JOLIÄ†,3272,F,ğŸ‡¸ğŸ‡® (Slovenia),#2_Trail Long,688,20-34,https://utmb.world/en/runner/702768.barbara.jolic,Barbara JOLIÄŒ
Lijan VAN NIEKERK,1193,F,ğŸ‡¿ğŸ‡¦ (South Africa),#1_Vertical Uphill,687,20-34,https://utmb.world/en/runner/4303425.lijan.vanniekerk,Lijan VAN NIEKERK
Lijan VAN NIEKERK,4200,F,ğŸ‡¿ğŸ‡¦ (South Africa),#5_Mountain Classic Senior,687,20-34,https://utmb.world/en/runner/4303425.lijan.vanniekerk,Lijan VAN NIEKERK
Sarah KISTNER,2152,F,ğŸ‡©ğŸ‡ª (Germany),#3_Trail Short,687,20-34,https://utmb.world/en/runner/2593427.sarah.kistner,Sarah KISTNER
Vera BERNARDO,3258,F,ğŸ‡µğŸ‡¹ (Portugal),#2_Trail Long,686,40-44,https://utmb.world/en/runner/1860077.vera.bernardo,Vera BERNARDO
Anna HOFER,4382,F,ğŸ‡®ğŸ‡¹ (Italy),#4_Mountain Classic Junior,685,U20,https://utmb.world/en/runner/5051424.anna.hofer,Anna HOFER
Sara ESCOBAR CARRON,3281,F,ğŸ‡¨ğŸ‡­ (Switzerland),#2_Trail Long,685,40-44,https://utmb.world/en/runner/1465233.sara.escobar,Sara ESCOBAR
Dioni GORLA,2150,F,ğŸ‡©ğŸ‡ª (Germany),#3_Trail Short,684,20-34,https://utmb.world/en/runner/3337065.dioni.gorla,Dioni GORLA
Melodie GILBERT,2056,F,ğŸ‡¨ğŸ‡¦ (Canada),#3_Trail Short,684,20-34,https://utmb.world/en/runner/4204895.melodie.gilbert,Melodie GILBERT
Jessica Geovana TIPAN GUTIERREZ,3087,F,ğŸ‡ªğŸ‡¨ (Ecuador),#2_Trail Long,682,35-39,https://utmb.world/en/runner/841408.jessica.tipan,Jessica TIPAN
Rannveig ODDSDÃ“TTIR,3158,F,ğŸ‡®ğŸ‡¸ (Iceland),#2_Trail Long,682,50-54,https://utmb.world/en/runner/1637479.rannveig.oddsdottir,Rannveig ODDSDOTTIR
Vanda JENEJOVÃ,2319,F,ğŸ‡¸ğŸ‡° (Slovakia),#3_Trail Short,681,20-34,https://utmb.world/en/runner/803634.vanda.jenejova,Vanda JENEJOVA
Christina GIAZITZIDOU,3136,F,ğŸ‡¬ğŸ‡· (Greece),#2_Trail Long,679,20-34,https://utmb.world/en/runner/4007132.christina.giazitzidou,Christina GIAZITZIDOU
Klaire RHODES,2355,F,ğŸ‡ºğŸ‡¸ (United States),#3_Trail Short,679,20-34,https://utmb.world/en/runner/3987029.klaire.rhodes,Klaire RHODES
NÃ¡dia CASTELEIRO,3259,F,ğŸ‡µğŸ‡¹ (Portugal),#2_Trail Long,679,35-39,https://utmb.world/en/runner/587463.nadia.casteleiro,Nadia CASTELEIRO
Sarah LUDOWICI,3019,F,ğŸ‡¦ğŸ‡º (Australia),#2_Trail Long,678,20-34,https://utmb.world/en/runner/625081.sarah.ludowici,Sarah LUDOWICI
Jasmine SARGEANT,2022,F,ğŸ‡¦ğŸ‡º (Australia),#3_Trail Short,677,20-34,https://utmb.world/en/runner/1450791.jasmine.sargeant,Jasmine SARGEANT
Adriana Vanesa VARGAS,3012,F,ğŸ‡¦ğŸ‡· (Argentina),#2_Trail Long,675,45-49,https://utmb.world/en/runner/310373.adriana.vargas,Adriana VARGAS
Varineja DRAÅ LER,1197,F,ğŸ‡¸ğŸ‡® (Slovenia),#1_Vertical Uphill,671,20-34,https://utmb.world/en/runner/3456935.varineja.drasler,Varineja DRASLER
Varineja DRAÅ LER,4204,F,ğŸ‡¸ğŸ‡® (Slovenia),#5_Mountain Classic Senior,671,20-34,https://utmb.world/en/runner/3456935.varineja.drasler,Varineja DRASLER
IldikÃ³ WERMESCHER,3146,F,ğŸ‡­ğŸ‡º (Hungary),#2_Trail Long,670,55-59,https://utmb.world/en/runner/18984.ildiko.wermescher,IldikÃ³ WERMESCHER
Caroline LAMBERT,4091,F,ğŸ‡¬ğŸ‡§ (United Kingdom),#5_Mountain Classic Senior,669,20-34,https://utmb.world/en/runner/2587223.caroline.lambert,Caroline LAMBERT
Ivana LÃÅ KOVÃ,2320,F,ğŸ‡¸ğŸ‡° (Slovakia),#3_Trail Short,669,20-34,https://utmb.world/en/runner/2339663.ivana.liskova,Ivana LÃÅ KOVÃ
Beatriz ALVES,2278,F,ğŸ‡µğŸ‡¹ (Portugal),#3_Trail Short,668,20-34,https://utmb.world/en/runner/2595291.beatriz.alves,Beatriz ALVES
Nayeli DE LA TORRE,3218,F,ğŸ‡²ğŸ‡½ (Mexico),#2_Trail Long,667,20-34,https://utmb.world/en/runner/1752907.nayeli.delatorre,Nayeli DE LA TORRE
Anja KOBS,2153,F,ğŸ‡©ğŸ‡ª (Germany),#3_Trail Short,666,45-49,https://utmb.world/en/runner/3450145.anja.kobs,Anja KOBS
Elena STEPHENSON,1014,F,ğŸ‡¦ğŸ‡º (Australia),#1_Vertical Uphill,666,20-34,https://utmb.world/en/runner/5138134.elena.stephenson,Elena STEPHENSON
Elena STEPHENSON,4016,F,ğŸ‡¦ğŸ‡º (Australia),#5_Mountain Classic Senior,666,20-34,https://utmb.world/en/runner/5138134.elena.stephenson,Elena STEPHENSON
Lisa WATSON,3125,F,ğŸ‡¬ğŸ‡§ (United Kingdom),#2_Trail Long,666,20-34,https://utmb.world/en/runner/3613333.lisa.watson,Lisa WATSON
Michaela PILAT,2033,F,ğŸ‡¦ğŸ‡¹ (Austria),#3_Trail Short,664,20-34,https://utmb.world/en/runner/4248747.michaela.pilat,Michaela PILAT
Carolina Tania DIAZ ESTEVEZ,3007,F,ğŸ‡¦ğŸ‡· (Argentina),#2_Trail Long,663,40-44,https://utmb.world/en/runner/200974.carolinatania.diazestevez,Carolina Tania DIAZ ESTEVEZ
Man Yee CHEUNG,3140,F,ğŸ‡­ğŸ‡° (Hong Kong),#2_Trail Long,663,20-34,https://utmb.world/en/runner/1723721.manyee.cheung,Man Yee CHEUNG
Marisa VIEIRA,3261,F,ğŸ‡µğŸ‡¹ (Portugal),#2_Trail Long,661,40-44,https://utmb.world/en/runner/925005.marisa.vieira,Marisa VIEIRA
Martina BILORA,4124,F,ğŸ‡®ğŸ‡¹ (Italy),#5_Mountain Classic Senior,661,20-34,https://utmb.world/en/runner/3079851.martina.bilora,Martina BILORA
Jessica CAMPBELL,2254,F,ğŸ‡³ğŸ‡¿ (New Zealand),#3_Trail Short,660,35-39,https://utmb.world/en/runner/3528749.jessica.campbell,Jessica CAMPBELL
Shelly SCHENK,2312,F,ğŸ‡¨ğŸ‡­ (Switzerland),#3_Trail Short,659,20-34,https://utmb.world/en/runner/2087143.shelly.schenk,Shelly SCHENK
Roxana Paola FLORES,2009,F,ğŸ‡¦ğŸ‡· (Argentina),#3_Trail Short,658,35-39,https://utmb.world/en/runner/4359270.roxanapaola.flores,Roxana Paola FLORES
Yuliya TARASOVA,3296,F,ğŸ‡ºğŸ‡¦ (Ukraine),#2_Trail Long,657,35-39,https://utmb.world/en/runner/929175.yuliya.tarasova,Yuliya TARASOVA
Mylene SANSOUCY,3047,F,ğŸ‡¨ğŸ‡¦ (Canada),#2_Trail Long,656,40-44,https://utmb.world/en/runner/1570693.mylene.sansoucy,Mylene SANSOUCY
Ida Amelie Eid ROBSAHM,2252,F,ğŸ‡³ğŸ‡´ (Norway),#3_Trail Short,655,20-34,https://utmb.world/en/runner/4671760.idaamelie.robsahm,Ida Amelie ROBSAHM
Sara WILLHOIT,1090,F,ğŸ‡¬ğŸ‡§ (United Kingdom),#1_Vertical Uphill,655,20-34,https://utmb.world/en/runner/1499733.sara.willhoit,Sara WILLHOIT
Claudia ROSEGGER,3033,F,ğŸ‡¦ğŸ‡¹ (Austria),#2_Trail Long,654,45-49,https://utmb.world/en/runner/2120865.claudia.rosegger,Claudia ROSEGGER
Ãris Anna SKÃšLADÃ“TTIR,2186,F,ğŸ‡®ğŸ‡¸ (Iceland),#3_Trail Short,654,20-34,https://utmb.world/en/runner/4628942.irisanna.skuladottir,Ãris Anna SKÃšLADÃ“TTIR (Iris Anna SKULADOTTIR)
Anna PÃLMADÃ“TTIR,2185,F,ğŸ‡®ğŸ‡¸ (Iceland),#3_Trail Short,653,40-44,https://utmb.world/en/runner/726926.annaberglind.palmadottir,Anna Berglind PALMADOTTIR
Nora MARKHUS,1162,F,ğŸ‡³ğŸ‡´ (Norway),#1_Vertical Uphill,652,20-34,https://utmb.world/en/runner/4635344.nora.markhus,Nora MARKHUS
Nora MARKHUS,4164,F,ğŸ‡³ğŸ‡´ (Norway),#5_Mountain Classic Senior,652,20-34,https://utmb.world/en/runner/4635344.nora.markhus,Nora MARKHUS
Hayley TEALE,3023,F,ğŸ‡¦ğŸ‡º (Australia),#2_Trail Long,651,45-49,https://utmb.world/en/runner/351506.hayley.teale,Hayley TEALE
Maria Paula GALINDEZ,2010,F,ğŸ‡¦ğŸ‡· (Argentina),#3_Trail Short,651,20-34,https://utmb.world/en/runner/3643987.mariapaula.galindez,Maria Paula GALINDEZ
Maja URBAN,3072,F,ğŸ‡­ğŸ‡· (Croatia),#2_Trail Long,649,35-39,https://utmb.world/en/runner/1680411.maja.urban,Maja URBAN
Nwabisa MJOLI,4198,F,ğŸ‡¿ğŸ‡¦ (South Africa),#5_Mountain Classic Senior,649,20-34,https://utmb.world/en/runner/5182584.nwabisa.mjoli,Nwabisa MJOLI
Yenni SUSANO,2240,F,ğŸ‡²ğŸ‡½ (Mexico),#3_Trail Short,649,35-39,https://utmb.world/en/runner/4997654.yenni.susanobermudez,Yenni SUSANO BERMUDEZ
Paula BARBOSA,3257,F,ğŸ‡µğŸ‡¹ (Portugal),#2_Trail Long,648,45-49,https://utmb.world/en/runner/1055397.paula.barbosa,Paula BARBOSA
Oksana RIABOVA,3295,F,ğŸ‡ºğŸ‡¦ (Ukraine),#2_Trail Long,646,35-39,https://utmb.world/en/runner/599257.oksana.riabova,Oksana RIABOVA
Samantha WOOD,4432,F,ğŸ‡ºğŸ‡¸ (United States),#4_Mountain Classic Junior,646,35-39,https://utmb.world/en/runner/221725.samantha.wood,Samantha WOOD
Genevieve ASSELIN DEMERS,3044,F,ğŸ‡¨ğŸ‡¦ (Canada),#2_Trail Long,644,35-39,https://utmb.world/en/runner/4207337.genevieve.asselindemers,GeneviÃ¨ve ASSELIN-DEMERS
Sofia ROQUETE,3260,F,ğŸ‡µğŸ‡¹ (Portugal),#2_Trail Long,643,40-44,https://utmb.world/en/runner/420267.sofia.roquete,Sofia ROQUETE
Jennifer ELVIN,1111,F,ğŸ‡®ğŸ‡ª (Ireland),#1_Vertical Uphill,641,35-39,https://utmb.world/en/runner/3132587.jennifer.elvin,Jennifer ELVIN
Mirjana Å IMEK BILIÄ†,2082,F,ğŸ‡­ğŸ‡· (Croatia),#3_Trail Short,641,35-39,https://utmb.world/en/runner/4213753.mirjana.simekbilic,Mirjana Å IMEK BILIÄ† (Mirjana SIMEK BILIC)
MarÃ­a Silvina PEREZ,3010,F,ğŸ‡¦ğŸ‡· (Argentina),#2_Trail Long,640,40-44,https://utmb.world/en/runner/874791.mariasilvina.perez,Maria Silvina PEREZ
Jelena MALYSEVA,2228,F,ğŸ‡±ğŸ‡¹ (Lithuania),#3_Trail Short,639,35-39,https://utmb.world/en/runner/4157533.jelena.malyseva,Jelena MALYSEVA
Valentyna HORBAN,2338,F,ğŸ‡ºğŸ‡¦ (Ukraine),#3_Trail Short,639,40-44,https://utmb.world/en/runner/3188615.valentyna.horban,Valentyna HORBAN
Andrea Vanessa ERAS QUIROLA,2100,F,ğŸ‡ªğŸ‡¨ (Ecuador),#3_Trail Short,635,20-34,https://utmb.world/en/runner/2979951.andreavanessa.erasquirola,Andrea Vanessa ERAS QUIROLA
Erika LEHTOLA,2124,F,ğŸ‡«ğŸ‡® (Finland),#3_Trail Short,634,20-34,https://utmb.world/en/runner/1390829.erika.lehtola,Erika LEHTOLA
Maria Sol ANDREUCETTI,1005,F,ğŸ‡¦ğŸ‡· (Argentina),#1_Vertical Uphill,634,20-34,https://utmb.world/en/runner/757321.mariasol.andreucetti,Maria Sol ANDREUCETTI
Ruut UUSITALO,2125,F,ğŸ‡«ğŸ‡® (Finland),#3_Trail Short,633,20-34,https://utmb.world/en/runner/991351.ruut.uusitalo,Ruut UUSITALO
Blanca Maribel LLUMIQUINGA LLUMIQUINGA,1065,F,ğŸ‡ªğŸ‡¨ (Ecuador),#1_Vertical Uphill,632,20-34,https://utmb.world/en/runner/4665218.blancamariel.llumiquinga,Blanca-Mariel LLUMIQUINGA
Blanca Maribel LLUMIQUINGA LLUMIQUINGA,4062,F,ğŸ‡ªğŸ‡¨ (Ecuador),#5_Mountain Classic Senior,632,20-34,https://utmb.world/en/runner/4665218.blancamariel.llumiquinga,Blanca-Mariel LLUMIQUINGA
Dominga VILLARINO,2069,F,ğŸ‡¨ğŸ‡± (Chile),#3_Trail Short,632,20-34,https://utmb.world/en/runner/4753312.dominga.villarino,Dominga VILLARINO
Dominika ZUPANÄŒIÄŒ VALANT,1200,F,ğŸ‡¸ğŸ‡® (Slovenia),#1_Vertical Uphill,632,20-34,https://utmb.world/en/runner/4543683.dominika.zupancicvalant,Dominika ZUPANCIC VALANT
Dominika ZUPANÄŒIÄŒ VALANT,4206,F,ğŸ‡¸ğŸ‡® (Slovenia),#5_Mountain Classic Senior,632,20-34,https://utmb.world/en/runner/4543683.dominika.zupancicvalant,Dominika ZUPANCIC VALANT
Paula VRDOLJAK,3073,F,ğŸ‡­ğŸ‡· (Croatia),#2_Trail Long,632,40-44,https://utmb.world/en/runner/320149.paula.vrdoljak,Paula VRDOLJAK
Ines JOZIÄ†,2081,F,ğŸ‡­ğŸ‡· (Croatia),#3_Trail Short,631,20-34,https://utmb.world/en/runner/2225257.ines.jozic,Ines JOZIC
Amalie WÃ¦rum Hauge BENGTSSON,2091,F,ğŸ‡©ğŸ‡° (Denmark),#3_Trail Short,628,20-34,https://utmb.world/en/runner/4420594.amalie.bengtsson,Amalie BENGTSSON
Aoife MUNDOW,3153,F,ğŸ‡®ğŸ‡ª (Ireland),#2_Trail Long,626,40-44,https://utmb.world/en/runner/2314259.aoife.mundow,Aoife MUNDOW
Fernanda Erica MARTINEZ,4009,F,ğŸ‡¦ğŸ‡· (Argentina),#5_Mountain Classic Senior,626,20-34,https://utmb.world/en/runner/4505960.fernandaerica.martinez,Fernanda Erica MARTINEZ
Gitana AKMANAVICIUTÄ–,2226,F,ğŸ‡±ğŸ‡¹ (Lithuania),#3_Trail Short,626,35-39,https://utmb.world/en/runner/1474563.gitana.akmanaviciute,Gitana AKMANAVIÄŒIÅªTÄ–
Ana OLIVEIRA,2283,F,ğŸ‡µğŸ‡¹ (Portugal),#3_Trail Short,625,20-34,https://utmb.world/en/runner/4459780.anacarolina.oliveira,Ana Carolina OLIVEIRA
Maja BONAÄŒIÄ†,3069,F,ğŸ‡­ğŸ‡· (Croatia),#2_Trail Long,625,35-39,https://utmb.world/en/runner/3992419.maja.bonacic,Maja BONAÄŒIÄ†
Anja NEUMANN,2032,F,ğŸ‡¦ğŸ‡¹ (Austria),#3_Trail Short,624,35-39,https://utmb.world/en/runner/1286215.anja.neumann,Anja NEUMANN
Emilie MANN,2057,F,ğŸ‡¨ğŸ‡¦ (Canada),#3_Trail Short,624,20-34,https://utmb.world/en/runner/1625237.emilie.mann,Emilie MANN
Vana ÄŒARGONJA,2079,F,ğŸ‡­ğŸ‡· (Croatia),#3_Trail Short,624,40-44,https://utmb.world/en/runner/1945597.vana.cargonja,Vana ÄŒARGONJA (Vana CARGONJA)
Jasmina NIKULA,3104,F,ğŸ‡«ğŸ‡® (Finland),#2_Trail Long,623,20-34,https://utmb.world/en/runner/750776.jasmina.nikula,Jasmina NIKULA
Chiara Milena MAINETTI,4008,F,ğŸ‡¦ğŸ‡· (Argentina),#5_Mountain Classic Senior,622,35-39,https://utmb.world/en/runner/2533335.chiaramilera.mainetti,Chiara Milera MAINETTI
Laura Marie Sommer HULGAARD,2094,F,ğŸ‡©ğŸ‡° (Denmark),#3_Trail Short,622,45-49,https://utmb.world/en/runner/804058.laura.hulgaard,Laura HULGAARD
Sarah BRADY,3152,F,ğŸ‡®ğŸ‡ª (Ireland),#2_Trail Long,622,20-34,https://utmb.world/en/runner/1164271.sarah.brady,Sarah BRADY
Claire O'BRIEN-SMITH,3021,F,ğŸ‡¦ğŸ‡º (Australia),#2_Trail Long,619,20-34,https://utmb.world/en/runner/2609381.claire.obriensmith,Claire O'BRIEN-SMITH
Jinhee KIM,3186,F,ğŸ‡°ğŸ‡· (South Korea),#2_Trail Long,618,40-44,https://utmb.world/en/runner/4259023.jinhee.kim,Jinhee KIM
Konstantina BOSKOPOULOU,2158,F,ğŸ‡¬ğŸ‡· (Greece),#3_Trail Short,618,20-34,https://utmb.world/en/runner/4171932.konstantina.boskopoulou,Konstantina BOSKOPOULOU
Petra GERGELY,2163,F,ğŸ‡­ğŸ‡º (Hungary),#3_Trail Short,618,35-39,https://utmb.world/en/runner/4275537.petra.gergely,Petra GERGELY
Rosa GODOY,1007,F,ğŸ‡¦ğŸ‡· (Argentina),#1_Vertical Uphill,618,40-44,https://utmb.world/en/runner/4309085.rosa.godoy,Rosa GODOY
Rosa GODOY,4007,F,ğŸ‡¦ğŸ‡· (Argentina),#5_Mountain Classic Senior,618,40-44,https://utmb.world/en/runner/4309085.rosa.godoy,Rosa GODOY
Laura MORATORIO,2344,F,ğŸ‡ºğŸ‡¾ (Uruguay),#3_Trail Short,617,40-44,https://utmb.world/en/runner/908877.laura.moratorio,Laura MORATORIO
Elena Adelina PANAET,1188,F,ğŸ‡·ğŸ‡´ (Romania),#1_Vertical Uphill,616,20-34,https://utmb.world/en/runner/4194894.adelinaelena.panaet,Adelina Elena PANAET
Elena Adelina PANAET,4193,F,ğŸ‡·ğŸ‡´ (Romania),#5_Mountain Classic Senior,616,20-34,https://utmb.world/en/runner/4194894.adelinaelena.panaet,Adelina Elena PANAET
Paula HAVU,2123,F,ğŸ‡«ğŸ‡® (Finland),#3_Trail Short,615,40-44,https://utmb.world/en/runner/1636073.paula.havu,Paula HAVU
Shannon PENWAY,2059,F,ğŸ‡¨ğŸ‡¦ (Canada),#3_Trail Short,615,20-34,https://utmb.world/en/runner/505813.shannon.penway,Shannon PENWAY
Silvia LARA,1074,F,ğŸ‡ªğŸ‡¸ (Spain),#1_Vertical Uphill,615,35-39,https://utmb.world/en/runner/736563.silvia.laradieguez,Silvia LARA-DIÃ‰GUEZ
Neasa COLL,2055,F,ğŸ‡¨ğŸ‡¦ (Canada),#3_Trail Short,614,40-44,https://utmb.world/en/runner/4971678.neasa.coll,Neasa COLL
Anabel Estefania OVIEDO ZELARAYÃN,3009,F,ğŸ‡¦ğŸ‡· (Argentina),#2_Trail Long,613,35-39,https://utmb.world/en/runner/4523972.anabel.oviedozelarayan,Anabel OVIEDO ZELARAYAN
Henna AHOMIES,3101,F,ğŸ‡«ğŸ‡® (Finland),#2_Trail Long,613,20-34,https://utmb.world/en/runner/1696541.henna.ahomies,Henna AHOMIES
Maria Ines CHRESTIA,2008,F,ğŸ‡¦ğŸ‡· (Argentina),#3_Trail Short,613,20-34,https://utmb.world/en/runner/4523980.mariaines.chrestia,Maria Ines CHRESTIA
Edel MONAGHAN,4116,F,ğŸ‡®ğŸ‡ª (Ireland),#5_Mountain Classic Senior,610,20-34,https://utmb.world/en/runner/4635350.edel.monaghan,Edel MONAGHAN
Irena SMOJVER,2083,F,ğŸ‡­ğŸ‡· (Croatia),#3_Trail Short,610,35-39,https://utmb.world/en/runner/2154271.irena.smojver,Irena SMOJVER
Viktorija KALVELYTE,3201,F,ğŸ‡±ğŸ‡¹ (Lithuania),#2_Trail Long,609,20-34,https://utmb.world/en/runner/4778414.viktorija.kalvelyte,Viktorija KALVELYTÄ–
Constanza LEAL,3059,F,ğŸ‡¨ğŸ‡± (Chile),#2_Trail Long,607,35-39,https://utmb.world/en/runner/2612441.constanza.leal,Constanza LEAL
Linda MEIRÄ’NA,3194,F,ğŸ‡±ğŸ‡» (Latvia),#2_Trail Long,607,20-34,https://utmb.world/en/runner/3380867.linda.meirena,Linda MEIRÄ’NA
Paula NAZAL,4041,F,ğŸ‡¨ğŸ‡± (Chile),#5_Mountain Classic Senior,607,20-34,https://utmb.world/en/runner/4756150.paula.nazallabrin,Paula NAZAL LABRIN
Shannon-Leigh LITT,3234,F,ğŸ‡³ğŸ‡¿ (New Zealand),#2_Trail Long,605,45-49,https://utmb.world/en/runner/412256.shannonleigh.litt,Shannon-Leigh LITT
Lisa HEGARTY,1113,F,ğŸ‡®ğŸ‡ª (Ireland),#1_Vertical Uphill,604,20-34,https://utmb.world/en/runner/4838822.lisa.hegarty,Lisa HEGARTY
Olena KHASHKO,3294,F,ğŸ‡ºğŸ‡¦ (Ukraine),#2_Trail Long,604,35-39,https://utmb.world/en/runner/2154273.olena.khashko,Olena KHASHKO
ErzsÃ©bet PROKOPP,2165,F,ğŸ‡­ğŸ‡º (Hungary),#3_Trail Short,602,40-44,https://utmb.world/en/runner/1213303.erzsebet.prokopp,Erzsebet PROKOPP
Eszter ÅSI,1105,F,ğŸ‡­ğŸ‡º (Hungary),#1_Vertical Uphill,601,20-34,https://utmb.world/en/runner/5000734.eszteraliz.osi,Eszter Aliz OSI
Eszter ÅSI,4105,F,ğŸ‡­ğŸ‡º (Hungary),#5_Mountain Classic Senior,601,20-34,https://utmb.world/en/runner/5000734.eszteraliz.osi,Eszter Aliz OSI
Juana MONTAÃ‘O GARCIA,2039,F,ğŸ‡§ğŸ‡´ (Bolivia),#3_Trail Short,601,20-34,https://utmb.world/en/runner/4305309.juana.montanogarcia,Juana MONTAÃ‘O GARCÃA
Nicole PATON,3022,F,ğŸ‡¦ğŸ‡º (Australia),#2_Trail Long,601,40-44,https://utmb.world/en/runner/1180339.nicole.paton,Nicole PATON
ViviÄna KIRILOVA,3193,F,ğŸ‡±ğŸ‡» (Latvia),#2_Trail Long,599,45-49,https://utmb.world/en/runner/730165.viviana.kirilova,Viviana KIRILOVA
EmÅ‘ke PAÃL,3144,F,ğŸ‡­ğŸ‡º (Hungary),#2_Trail Long,598,50-54,https://utmb.world/en/runner/278888.emoke.paal,Emoke PAAL
Sarah FLANAGAN,4113,F,ğŸ‡®ğŸ‡ª (Ireland),#5_Mountain Classic Senior,598,45-49,https://utmb.world/en/runner/5150280.sarah.flanagan,Sarah FLANAGAN
Veronika HAAS,3031,F,ğŸ‡¦ğŸ‡¹ (Austria),#2_Trail Long,597,35-39,https://utmb.world/en/runner/4668400.veronika.haas,Veronika HAAS
Simone HAASTRUP,2093,F,ğŸ‡©ğŸ‡° (Denmark),#3_Trail Short,593,20-34,https://utmb.world/en/runner/2363645.simone.haastrup,Simone HAASTRUP
Viviana Carolina RIOS CEDILLO,1067,F,ğŸ‡ªğŸ‡¨ (Ecuador),#1_Vertical Uphill,592,20-34,https://utmb.world/en/runner/4220205.vivianacarolina.rios,Viviana Carolina RIOS
Viviana Carolina RIOS CEDILLO,4063,F,ğŸ‡ªğŸ‡¨ (Ecuador),#5_Mountain Classic Senior,592,20-34,https://utmb.world/en/runner/4220205.vivianacarolina.rios,Viviana Carolina RIOS
Veronica Palmira FILIPPA,3008,F,ğŸ‡¦ğŸ‡· (Argentina),#2_Trail Long,591,45-49,https://utmb.world/en/runner/4523976.veronicapalmira.filippa,Veronica Palmira FILIPPA
Chiara GUIDUCCI,4211,F,ğŸ‡¸ğŸ‡² (San Marino),#5_Mountain Classic Senior,589,35-39,https://utmb.world/en/runner/5072735.chiara.guiducci,Chiara GUIDUCCI
Carla FUENZALIDA,3057,F,ğŸ‡¨ğŸ‡± (Chile),#2_Trail Long,588,20-34,https://utmb.world/en/runner/4753824.carla.fuenzalida,Carla FUENZALIDA
Helene DRABORG,2092,F,ğŸ‡©ğŸ‡° (Denmark),#3_Trail Short,588,20-34,https://utmb.world/en/runner/4139907.helene.draborg,Helene DRABORG
Mariana LEAL,3060,F,ğŸ‡¨ğŸ‡± (Chile),#2_Trail Long,588,35-39,https://utmb.world/en/runner/4755910.mariana.leal,Mariana LEAL
Sworupa KHADKA,3222,F,ğŸ‡³ğŸ‡µ (Nepal),#2_Trail Long,584,45-49,https://utmb.world/en/runner/4105841.sworupa.khadka,Sworupa KHADKA
Kate MORRISON,1170,F,ğŸ‡³ğŸ‡¿ (New Zealand),#1_Vertical Uphill,581,20-34,https://utmb.world/en/runner/570926.kate.morrison,Kate MORRISON
Leonor CALVO,2066,F,ğŸ‡¨ğŸ‡± (Chile),#3_Trail Short,581,20-34,https://utmb.world/en/runner/4504536.leonor.calvo,Leonor CALVO
Florencia Soledad IUORNO,2011,F,ğŸ‡¦ğŸ‡· (Argentina),#3_Trail Short,575,20-34,https://utmb.world/en/runner/1952383.florenciasoledad.iuorno,Florencia Soledad IUORNO
Olha HAVLYTSKA,4233,F,ğŸ‡ºğŸ‡¦ (Ukraine),#5_Mountain Classic Senior,575,20-34,https://utmb.world/en/runner/3557027.olha.havlytska,Olha HAVLYTSKA
Tamara VÃ‰LIZ,1042,F,ğŸ‡¨ğŸ‡± (Chile),#1_Vertical Uphill,573,20-34,https://utmb.world/en/runner/4744876.tamaravaleska.velizolivares,Tamara Valeska VELIZ OLIVARES
Tamara VÃ‰LIZ,4043,F,ğŸ‡¨ğŸ‡± (Chile),#5_Mountain Classic Senior,573,20-34,https://utmb.world/en/runner/4744876.tamaravaleska.velizolivares,Tamara Valeska VELIZ OLIVARES
Hsiu-Ching CHEN,3289,F,ğŸ‡¹ğŸ‡¼ (Taiwan),#2_Trail Long,568,50-54,https://utmb.world/en/runner/1103549.hsiuching.chen,Hsiu Ching CHEN
Alejandra VERGARA,3061,F,ğŸ‡¨ğŸ‡± (Chile),#2_Trail Long,566,45-49,https://utmb.world/en/runner/2140219.alejandrapatricia.vergaracarrasco,Alejandra Patricia VERGARA CARRASCO
Inga AUKSTUOLYTE,2227,F,ğŸ‡±ğŸ‡¹ (Lithuania),#3_Trail Short,565,20-34,https://utmb.world/en/runner/3424105.inga.aukstuolyte,Inga AUKÅ TUOLYTÄ–
Angeline CABALO,2264,F,ğŸ‡µğŸ‡­ (Philippines),#3_Trail Short,564,20-34,https://utmb.world/en/runner/4442012.angelie.cabalo,Angelie CABALO
Aiga TAULÄªNA,2219,F,ğŸ‡±ğŸ‡» (Latvia),#3_Trail Short,561,20-34,https://utmb.world/en/runner/1983407.aiga.taulina,Aiga TAULÄªNA
Elizabeth DANGADANG,3243,F,ğŸ‡µğŸ‡­ (Philippines),#2_Trail Long,561,20-34,https://utmb.world/en/runner/3592031.elizabeth.dangadang,Elizabeth DANGADANG
Ivita Å ALE,2218,F,ğŸ‡±ğŸ‡» (Latvia),#3_Trail Short,556,35-39,https://utmb.world/en/runner/1983531.ivita.sale,Ivita Å ALE (Ivita SALE)
Pilar FERNÃNDEZ,2343,F,ğŸ‡ºğŸ‡¾ (Uruguay),#3_Trail Short,555,35-39,https://utmb.world/en/runner/4790410.pilar.fernandez,Pilar FERNANDEZ
Naida AVDIÄ†,2038,F,ğŸ‡§ğŸ‡¦ (Bosnia and Herzegovina),#3_Trail Short,554,20-34,https://utmb.world/en/runner/3216593.naida.avdic,Naida AVDIC
Laura SESKIENE,3204,F,ğŸ‡±ğŸ‡¹ (Lithuania),#2_Trail Long,553,40-44,https://utmb.world/en/runner/4778446.laura.seskiene,Laura Å EÅ KIENÄ– (Laura SESKIENE)
Sally Ann YAP YU ING,3211,F,ğŸ‡²ğŸ‡¾ (Malaysia),#2_Trail Long,553,20-34,https://utmb.world/en/runner/4466650.sallyann.yapyuing,Sally Ann YAP YU ING
Meng-Yun TUNG,1223,F,ğŸ‡¹ğŸ‡¼ (Taiwan),#1_Vertical Uphill,551,35-39,https://utmb.world/en/runner/4078463.mengyun.tung,Meng Yun TUNG
Toma VALEIKAITE,3205,F,ğŸ‡±ğŸ‡¹ (Lithuania),#2_Trail Long,549,35-39,https://utmb.world/en/runner/2998777.toma.valeikaite,Toma VALEIKAITE
Maria Emilia CRESPO BARAHONA,3085,F,ğŸ‡ªğŸ‡¨ (Ecuador),#2_Trail Long,548,20-34,https://utmb.world/en/runner/2441331.mariaemilia.crespo,Maria Emilia CRESPO
Anita LACKOVIC,3071,F,ğŸ‡­ğŸ‡· (Croatia),#2_Trail Long,547,40-44,https://utmb.world/en/runner/1343383.anita.lackovic,Anita LACKOVIC
Wei-Ling TSENG,2333,F,ğŸ‡¹ğŸ‡¼ (Taiwan),#3_Trail Short,545,40-44,https://utmb.world/en/runner/699917.weiling.tseng,Wei-Ling TSENG
Madison REYNOLDS,2021,F,ğŸ‡¦ğŸ‡º (Australia),#3_Trail Short,544,20-34,https://utmb.world/en/runner/4805036.madison.reynolds,Madison REYNOLDS
Cecille WAEL,3245,F,ğŸ‡µğŸ‡­ (Philippines),#2_Trail Long,542,35-39,https://utmb.world/en/runner/1929361.cecille.wael,Cecille WAEL
Yunmi LEE,2212,F,ğŸ‡°ğŸ‡· (South Korea),#3_Trail Short,540,40-44,https://utmb.world/en/runner/1389603.yunmi.lee,Yunmi LEE
Patricia COBI,2068,F,ğŸ‡¨ğŸ‡± (Chile),#3_Trail Short,539,45-49,https://utmb.world/en/runner/2662083.patricia.cobi,Patricia COBI
Pamela ANGEL,3056,F,ğŸ‡¨ğŸ‡± (Chile),#2_Trail Long,538,20-34,https://utmb.world/en/runner/4744902.pamela.angelmancilla,Pamela ÃNGEL MANCILLA (Pamela ANGEL MANCILLA)
Ieva UPMACE-GRÄªVIÅ…A,3195,F,ğŸ‡±ğŸ‡» (Latvia),#2_Trail Long,537,35-39,https://utmb.world/en/runner/1603895.ieva.upmacegrivina,Ieva UPMACE-GRIVINA
Eunju BAEK,2210,F,ğŸ‡°ğŸ‡· (South Korea),#3_Trail Short,535,40-44,https://utmb.world/en/runner/4259106.eunju.baek,Eunju BAEK
Maria VALLEJO SALGADO,3088,F,ğŸ‡ªğŸ‡¨ (Ecuador),#2_Trail Long,534,20-34,https://utmb.world/en/runner/548726.maria.vallejo,Maria VALLEJO
Mei Sze CHONG,3209,F,ğŸ‡²ğŸ‡¾ (Malaysia),#2_Trail Long,532,40-44,https://utmb.world/en/runner/3510495.meisze.chong,Mei Sze CHONG
Anna OPANASIUK,2339,F,ğŸ‡ºğŸ‡¦ (Ukraine),#3_Trail Short,531,20-34,https://utmb.world/en/runner/1722729.anna.opanasiuk,Anna OPANASIUK
Eveling Violeta ALARCON,3238,F,ğŸ‡µğŸ‡¾ (Paraguay),#2_Trail Long,528,20-34,https://utmb.world/en/runner/2982907.eveling.alarcon,Eveling ALARCON
Shamiera AUTHER,2234,F,ğŸ‡²ğŸ‡¾ (Malaysia),#3_Trail Short,526,20-34,https://utmb.world/en/runner/4466806.shamiera.auther,Shamiera AUTHER
Wan-Yun KAO,1222,F,ğŸ‡¹ğŸ‡¼ (Taiwan),#1_Vertical Uphill,525,20-34,https://utmb.world/en/runner/4871264.wanyun.kao,Wanyun KAO
Sunyeong KIM,2211,F,ğŸ‡°ğŸ‡· (South Korea),#3_Trail Short,524,45-49,https://utmb.world/en/runner/5177084.sunyeong.kim,Sun Yeong KIM
Deimante RAZUKIENE,3203,F,ğŸ‡±ğŸ‡¹ (Lithuania),#2_Trail Long,521,40-44,https://utmb.world/en/runner/1769755.deimante.razukiene,Deimante RAZUKIENE
Agustoralin SABANAL,3244,F,ğŸ‡µğŸ‡­ (Philippines),#2_Trail Long,517,20-34,https://utmb.world/en/runner/1829765.agustoralin.sabanal,Agustoralin SABANAL
HalldÃ³ra Huld INGVARSDÃ“TTIR,3157,F,ğŸ‡®ğŸ‡¸ (Iceland),#2_Trail Long,514,35-39,https://utmb.world/en/runner/4446214.halldorahuld.ingvarsdottir,HalldÃ³ra Huld INGVARSDÃ“TTIR
Brigitta POÃ“R,2164,F,ğŸ‡­ğŸ‡º (Hungary),#3_Trail Short,513,20-34,https://utmb.world/en/runner/3639609.brigitta.poor,Brigitta POÃ“R
Lauma ÄŒERÅ…EVSKA,2217,F,ğŸ‡±ğŸ‡» (Latvia),#3_Trail Short,513,35-39,https://utmb.world/en/runner/73300.lauma.cernevska,Lauma CERNEVSKA
Vivien CSISZÃR,2162,F,ğŸ‡­ğŸ‡º (Hungary),#3_Trail Short,511,20-34,https://utmb.world/en/runner/3407727.vivien.csiszar,Vivien CSISZÃR
Wan-Fang CHANG,1221,F,ğŸ‡¹ğŸ‡¼ (Taiwan),#1_Vertical Uphill,511,20-34,https://utmb.world/en/runner/1299097.wanfang.chang,Wan-Fang CHANG
Maria Teresa GIARDI,2303,F,ğŸ‡¸ğŸ‡² (San Marino),#3_Trail Short,505,45-49,https://utmb.world/en/runner/1333589.mariateresa.giardi,Maria Teresa GIARDI
Rima VILIUNIENE,2230,F,ğŸ‡±ğŸ‡¹ (Lithuania),#3_Trail Short,495,50-54,https://utmb.world/en/runner/1472125.rima.viliuniene,Rima VILIÅªNIENÄ–
Patricija TOMASUN,2229,F,ğŸ‡±ğŸ‡¹ (Lithuania),#3_Trail Short,494,20-34,https://utmb.world/en/runner/4043254.patricija.tomasun,Patricija TOMAÅ UN
Tamara Isabel LOPEZ,2012,F,ğŸ‡¦ğŸ‡· (Argentina),#3_Trail Short,494,20-34,https://utmb.world/en/runner/3098115.tamaraisabel.lopez,Tamara Isabel LOPEZ
Lina PRANYTE,3202,F,ğŸ‡±ğŸ‡¹ (Lithuania),#2_Trail Long,491,35-39,https://utmb.world/en/runner/4308337.lina.pranyte,Lina PRANYTE
Kriste HINCAITE,1141,F,ğŸ‡±ğŸ‡¹ (Lithuania),#1_Vertical Uphill,489,20-34,https://utmb.world/en/runner/2428521.kriste.hincaite,KristÄ— HINCAITÄ–
Gretchen FELIPE,2265,F,ğŸ‡µğŸ‡­ (Philippines),#3_Trail Short,488,20-34,https://utmb.world/en/runner/264477.gretchen.felipe,Gretchen FELIPE
Maria SOTELO,3239,F,ğŸ‡µğŸ‡¾ (Paraguay),#2_Trail Long,477,20-34,https://utmb.world/en/runner/1468953.mariajose.sotelomorinigo,MarÃ­a JosÃ© SOTELO MORÃNIGO
Paola Mabelis MARTINEZ,4244,F,ğŸ‡»ğŸ‡ª (Venezuela),#5_Mountain Classic Senior,477,20-34,https://utmb.world/en/runner/2136457.paola.martinez,Paola MARTINEZ
Joana SOARES,1181,F,ğŸ‡µğŸ‡¹ (Portugal),#1_Vertical Uphill,467,35-39,https://utmb.world/en/runner/4947462.joana.soares,Joana SOARES
Christabel MARTES,2266,F,ğŸ‡µğŸ‡­ (Philippines),#3_Trail Short,461,40-44,https://utmb.world/en/runner/5000660.christabel.martes,Christabel MARTES
Tania Geovanna VALLEJO TRIANA,4331,F,ğŸ‡ªğŸ‡¨ (Ecuador),#4_Mountain Classic Junior,425,U20,https://utmb.world/en/runner/4928600.taniageovanna.vallejotriana,Tania Geovanna VALLEJO TRIANA
Graciela Jakeline RODRIGUEZ ROJAS,2041,F,ğŸ‡§ğŸ‡´ (Bolivia),#3_Trail Short,422,45-49,https://utmb.world/en/runner/4215668.gracielayakeline.rodriguezrojas,Graciela Yakeline RODRIGUEZ ROJAS
Margherita CECCOLI,4210,F,ğŸ‡¸ğŸ‡² (San Marino),#5_Mountain Classic Senior,418,20-34,https://utmb.world/en/runner/4950893.margherita.ceccoli,Margherita CECCOLI
Ana NOVAK,4406,F,ğŸ‡¸ğŸ‡® (Slovenia),#4_Mountain Classic Junior,417,45-49,https://utmb.world/en/runner/2050717.ana.novak,Ana NOVAK
Sandra PLAZA CESPEDES,2040,F,ğŸ‡§ğŸ‡´ (Bolivia),#3_Trail Short,402,40-44,https://utmb.world/en/runner/2233467.sandra.plaza,Sandra PLAZA
Sanglim LEE,3187,F,ğŸ‡°ğŸ‡· (South Korea),#2_Trail Long,380,55-59,https://utmb.world/en/runner/672784.sanglim.lee,Sanglim LEE
Judith LOPEZ,1149,F,ğŸ‡²ğŸ‡½ (Mexico),#1_Vertical Uphill,302,35-39,https://utmb.world/en/runner/5197714.judithguadalupe.escobarlopez,Judith Guadalupe ESCOBAR LÃ“PEZ
Judith LOPEZ,4152,F,ğŸ‡²ğŸ‡½ (Mexico),#5_Mountain Classic Senior,302,35-39,https://utmb.world/en/runner/5197714.judithguadalupe.escobarlopez,Judith Guadalupe ESCOBAR LÃ“PEZ
Ruth JONES,1089,F,ğŸ‡¬ğŸ‡§ (United Kingdom),#1_Vertical Uphill,278,45-49,https://utmb.world/en/runner/4459222.ruth.jones,Ruth JONES
AdÃ©la VETCHÃ,1059,F,ğŸ‡¨ğŸ‡¿ (Czech Republic),#1_Vertical Uphill,0,,,
AdÃ©la VETCHÃ,4056,F,ğŸ‡¨ğŸ‡¿ (Czech Republic),#5_Mountain Classic Senior,0,,,
Agate ARMANE,1137,F,ğŸ‡±ğŸ‡» (Latvia),#1_Vertical Uphill,0,,,
Agate ARMANE,4141,F,ğŸ‡±ğŸ‡» (Latvia),#5_Mountain Classic Senior,0,,,
Aina SCHERLING,4412,F,ğŸ‡¨ğŸ‡­ (Switzerland),#4_Mountain Classic Junior,0,,,
Aine GOSLING,1112,F,ğŸ‡®ğŸ‡ª (Ireland),#1_Vertical Uphill,0,,,
Aine GOSLING,4114,F,ğŸ‡®ğŸ‡ª (Ireland),#5_Mountain Classic Senior,0,,,
Ainhoa SANZ,1076,F,ğŸ‡ªğŸ‡¸ (Spain),#1_Vertical Uphill,0,20-34,https://utmb.world/en/runner/2048987.ainhoa.sanz,Ainhoa SANZ
Alejandra Valeria MALDONADO CACHUMBA,2103,F,ğŸ‡ªğŸ‡¨ (Ecuador),#3_Trail Short,0,,,
Alexandra LAWSON,1234,F,ğŸ‡ºğŸ‡¸ (United States),#1_Vertical Uphill,0,50-54,https://utmb.world/en/runner/333680.alexandra.lawson,Alexandra LAWSON
Alice GOODALL,4090,F,ğŸ‡¬ğŸ‡§ (United Kingdom),#5_Mountain Classic Senior,0,20-34,https://utmb.world/en/runner/4943523.alice.goodall,Alice GOODALL
Alice MUGNIER,4346,F,ğŸ‡«ğŸ‡· (France),#4_Mountain Classic Junior,0,20-34,https://utmb.world/en/runner/2359663.jeannealice.mugnier,Jeanne-Alice MUGNIER
Amber PHILP,4042,F,ğŸ‡¨ğŸ‡± (Chile),#5_Mountain Classic Senior,0,20-34,https://utmb.world/en/runner/756603.amber.philp,Amber PHILP
Amelia HORNE,2256,F,ğŸ‡³ğŸ‡¿ (New Zealand),#3_Trail Short,0,,,
Amelie LANE,4354,F,ğŸ‡¬ğŸ‡§ (United Kingdom),#4_Mountain Classic Junior,0,,,
Andrea JIMENEZ,4040,F,ğŸ‡¨ğŸ‡± (Chile),#5_Mountain Classic Senior,0,40-44,https://utmb.world/en/runner/3520809.carolinaandrea.jimenezmolina,Carolina Andrea JIMENEZ MOLINA
Andrea PEAT,4172,F,ğŸ‡³ğŸ‡¿ (New Zealand),#5_Mountain Classic Senior,0,20-34,https://utmb.world/en/runner/1295689.andrea.peat,Andrea PEAT
Anissa ZsÃ³fia WEIBL,4106,F,ğŸ‡­ğŸ‡º (Hungary),#5_Mountain Classic Senior,0,,,
Anja MIKUÅ½,1199,F,ğŸ‡¸ğŸ‡® (Slovenia),#1_Vertical Uphill,0,20-34,https://utmb.world/en/runner/3991493.anja.mikuz,Anja MIKUÅ½
Anna CELINSKA,1176,F,ğŸ‡µğŸ‡± (Poland),#1_Vertical Uphill,0,40-44,https://utmb.world/en/runner/80592.anna.celinska,Anna CELINSKA
Anna PLATTNER,1022,F,ğŸ‡¦ğŸ‡¹ (Austria),#1_Vertical Uphill,0,,,
Annet Chemengich CHELANGAT,1228,F,ğŸ‡ºğŸ‡¬ (Uganda),#1_Vertical Uphill,0,,,
Antonella Cristina ARIAS ZAMBRANO,4330,F,ğŸ‡ªğŸ‡¨ (Ecuador),#4_Mountain Classic Junior,0,20-34,https://utmb.world/en/runner/5198822.antonelacristina.ariaszambrano,Antonela Cristina ARIAS ZAMBRANO
Belen BENJAMIN,3217,F,ğŸ‡²ğŸ‡½ (Mexico),#2_Trail Long,0,,,
Bernadette SCHUSTER,4020,F,ğŸ‡¦ğŸ‡¹ (Austria),#5_Mountain Classic Senior,0,,,
Blanca BATLLE,4336,F,ğŸ‡ªğŸ‡¸ (Spain),#4_Mountain Classic Junior,0,,,
Blanca Marina GUAMAN ORTUÃ‘O,2101,F,ğŸ‡ªğŸ‡¨ (Ecuador),#3_Trail Short,0,,,
Blandine L'HIRONDEL,3113,F,ğŸ‡«ğŸ‡· (France),#2_Trail Long,0,,,
Camila CIOFFI,1006,F,ğŸ‡¦ğŸ‡· (Argentina),#1_Vertical Uphill,0,,,
Camila DE LA COLINA,4305,F,ğŸ‡¦ğŸ‡· (Argentina),#4_Mountain Classic Junior,0,,,
Carla Alejandra PINOS SANTAMARIA,1066,F,ğŸ‡ªğŸ‡¨ (Ecuador),#1_Vertical Uphill,0,,,
Carolyn NELSON,4033,F,ğŸ‡¨ğŸ‡¦ (Canada),#5_Mountain Classic Senior,0,,,
Catherine TAYLOR,2144,F,ğŸ‡¬ğŸ‡§ (United Kingdom),#3_Trail Short,0,40-44,https://utmb.world/en/runner/1506995.katharine.taylor,Katharine TAYLOR
Cecile JAROUSSEAU,4082,F,ğŸ‡«ğŸ‡· (France),#5_Mountain Classic Senior,0,,,
Ceyda Melek PINAR,4420,F,ğŸ‡¹ğŸ‡· (TÃ¼rkiye),#4_Mountain Classic Junior,0,,,
Chao-Wen WANG,2334,F,ğŸ‡¹ğŸ‡¼ (Taiwan),#3_Trail Short,0,,,
Cristina SIMION,2291,F,ğŸ‡·ğŸ‡´ (Romania),#3_Trail Short,0,20-34,https://utmb.world/en/runner/3605959.cristina.simion,Cristina SIMION
CÃ©line AEBI,1210,F,ğŸ‡¨ğŸ‡­ (Switzerland),#1_Vertical Uphill,0,,,
CÃ©line AEBI,4218,F,ğŸ‡¨ğŸ‡­ (Switzerland),#5_Mountain Classic Senior,0,,,
Dannielle VAN DER HEUL,2023,F,ğŸ‡¦ğŸ‡º (Australia),#3_Trail Short,0,,,
Diana LANDI ANDRADE,1064,F,ğŸ‡ªğŸ‡¨ (Ecuador),#1_Vertical Uphill,0,35-39,https://utmb.world/en/runner/5198528.diana.landiandrade,Diana LANDI ANDRADE
Diana LANDI ANDRADE,4061,F,ğŸ‡ªğŸ‡¨ (Ecuador),#5_Mountain Classic Senior,0,35-39,https://utmb.world/en/runner/5198528.diana.landiandrade,Diana LANDI ANDRADE
Domenika MAYER,1100,F,ğŸ‡©ğŸ‡ª (Germany),#1_Vertical Uphill,0,,,
Domenika MAYER,4100,F,ğŸ‡©ğŸ‡ª (Germany),#5_Mountain Classic Senior,0,,,
Dominika MÃ‰RÅ,1104,F,ğŸ‡­ğŸ‡º (Hungary),#1_Vertical Uphill,0,,,
Eimear MCCARROLL,4372,F,ğŸ‡®ğŸ‡ª (Ireland),#4_Mountain Classic Junior,0,,,
Elisa PEVERELLI,4383,F,ğŸ‡®ğŸ‡¹ (Italy),#4_Mountain Classic Junior,0,,,
Elisabeth BORGERSEN,3228,F,ğŸ‡³ğŸ‡´ (Norway),#2_Trail Long,0,,,
Elizabeth WHEELER,2178,F,ğŸ‡®ğŸ‡ª (Ireland),#3_Trail Short,0,45-49,https://utmb.world/en/runner/2307587.elizabeth.wheeler,Elizabeth WHEELER
Emily VUCEMILLO,4384,F,ğŸ‡®ğŸ‡¹ (Italy),#4_Mountain Classic Junior,0,,,
Emma OSULLIVAN,1012,F,ğŸ‡¦ğŸ‡º (Australia),#1_Vertical Uphill,0,45-49,https://utmb.world/en/runner/3400499.emma.osullivan,Emma OSULLIVAN
Eulalia Margarita PAUCAR QUEZADA,3086,F,ğŸ‡ªğŸ‡¨ (Ecuador),#2_Trail Long,0,,,
Eunice LESCANO,4306,F,ğŸ‡¦ğŸ‡· (Argentina),#4_Mountain Classic Junior,0,,,
Eve WHITAKER,4356,F,ğŸ‡¬ğŸ‡§ (United Kingdom),#4_Mountain Classic Junior,0,U20,https://utmb.world/en/runner/4661876.eve.whitaker,Eve WHITAKER
Fabiola FORTSCHEGGER,4314,F,ğŸ‡¦ğŸ‡¹ (Austria),#4_Mountain Classic Junior,0,,,
Fatima Maria VILLAR,2260,F,ğŸ‡µğŸ‡¾ (Paraguay),#3_Trail Short,0,,,
Fatima Maria VILLAR,4176,F,ğŸ‡µğŸ‡¾ (Paraguay),#5_Mountain Classic Senior,0,,,
Flavia STUTZ,1213,F,ğŸ‡¨ğŸ‡­ (Switzerland),#1_Vertical Uphill,0,,,
Flavia STUTZ,4221,F,ğŸ‡¨ğŸ‡­ (Switzerland),#5_Mountain Classic Senior,0,,,
Gabriela CAMACHO,4389,F,ğŸ‡²ğŸ‡½ (Mexico),#4_Mountain Classic Junior,0,45-49,https://utmb.world/en/runner/3569119.gabriela.camacho,Gabriela CAMACHO
Georgia BELL,4352,F,ğŸ‡¬ğŸ‡§ (United Kingdom),#4_Mountain Classic Junior,0,,,
Giovanna RODRIGUES COSTA MARTINS,3037,F,ğŸ‡§ğŸ‡· (Brazil),#2_Trail Long,0,,,
Giselle CAMILLERI,1155,F,ğŸ‡²ğŸ‡¹ (Malta),#1_Vertical Uphill,0,45-49,https://utmb.world/en/runner/328485.gisele.camilleri,Gisele CAMILLERI
Gladys TEJEDA,4177,F,ğŸ‡µğŸ‡ª (Peru),#5_Mountain Classic Senior,0,,,
Gundega HEIDINGERE,1138,F,ğŸ‡±ğŸ‡» (Latvia),#1_Vertical Uphill,0,40-44,https://utmb.world/en/runner/1984023.gundega.heidingere,Gundega HEIDINGERE
Gundega HEIDINGERE,4142,F,ğŸ‡±ğŸ‡» (Latvia),#5_Mountain Classic Senior,0,40-44,https://utmb.world/en/runner/1984023.gundega.heidingere,Gundega HEIDINGERE
Hanna DARMOHRAI,2337,F,ğŸ‡ºğŸ‡¦ (Ukraine),#3_Trail Short,0,,,
Hanna GALLER,4315,F,ğŸ‡¦ğŸ‡¹ (Austria),#4_Mountain Classic Junior,0,,,
Hanna GRÃ–BER,1097,F,ğŸ‡©ğŸ‡ª (Germany),#1_Vertical Uphill,0,,,
Hanna GRÃ–BER,4098,F,ğŸ‡©ğŸ‡ª (Germany),#5_Mountain Classic Senior,0,,,
Helena GLEÄA,2080,F,ğŸ‡­ğŸ‡· (Croatia),#3_Trail Short,0,45-49,https://utmb.world/en/runner/1684779.helena.gleda,Helena GLEDA
Hsuan-Yu CHEN,3290,F,ğŸ‡¹ğŸ‡¼ (Taiwan),#2_Trail Long,0,20-34,https://utmb.world/en/runner/1425395.hsuanyu.chen,Hsuan-Yu CHEN
Ida WALDAL,1163,F,ğŸ‡³ğŸ‡´ (Norway),#1_Vertical Uphill,0,,,
Ida WALDAL,4391,F,ğŸ‡³ğŸ‡´ (Norway),#4_Mountain Classic Junior,0,,,
Immaculate CHEMUTAI,4230,F,ğŸ‡ºğŸ‡¬ (Uganda),#5_Mountain Classic Senior,0,,,
Ines HERAULT,4337,F,ğŸ‡ªğŸ‡¸ (Spain),#4_Mountain Classic Junior,0,,,
Izzah Hazirah BINTI ABDUL MALEK,2235,F,ğŸ‡²ğŸ‡¾ (Malaysia),#3_Trail Short,0,,,
Jade BELZBERG,1033,F,ğŸ‡¨ğŸ‡¦ (Canada),#1_Vertical Uphill,0,,,
Jade BELZBERG,3045,F,ğŸ‡¨ğŸ‡¦ (Canada),#2_Trail Long,0,,,
Jan CORCORAN,2176,F,ğŸ‡®ğŸ‡ª (Ireland),#3_Trail Short,0,,,
Jessica BLANEY,4369,F,ğŸ‡®ğŸ‡ª (Ireland),#4_Mountain Classic Junior,0,,,
Jessica JASON,2019,F,ğŸ‡¦ğŸ‡º (Australia),#3_Trail Short,0,,,
Johanna HIEMER,2031,F,ğŸ‡¦ğŸ‡¹ (Austria),#3_Trail Short,0,,,
Johanna Ã…STRÃ–M,2325,F,ğŸ‡¸ğŸ‡ª (Sweden),#3_Trail Short,0,,,
Joy CHEPTOYEK,1229,F,ğŸ‡ºğŸ‡¬ (Uganda),#1_Vertical Uphill,0,,,
Joyce MUTHONI,1131,F,ğŸ‡°ğŸ‡ª (Kenya),#1_Vertical Uphill,0,,,
Joyce MUTHONI,4135,F,ğŸ‡°ğŸ‡ª (Kenya),#5_Mountain Classic Senior,0,,,
Juliana Itati ROMERO,4307,F,ğŸ‡¦ğŸ‡· (Argentina),#4_Mountain Classic Junior,0,,,
Karin FREITAG,1019,F,ğŸ‡¦ğŸ‡¹ (Austria),#1_Vertical Uphill,0,40-44,https://utmb.world/en/runner/167915.karin.freitag,Karin FREITAG
Karley REMPEL,4034,F,ğŸ‡¨ğŸ‡¦ (Canada),#5_Mountain Classic Senior,0,50-54,https://utmb.world/en/runner/3570877.karley.rempel,Karley REMPEL
Karoline Holsen KYTE,1161,F,ğŸ‡³ğŸ‡´ (Norway),#1_Vertical Uphill,0,,,
Karoline Holsen KYTE,4163,F,ğŸ‡³ğŸ‡´ (Norway),#5_Mountain Classic Senior,0,,,
Kasie WALLACE-ENMAN,4242,F,ğŸ‡ºğŸ‡¸ (United States),#5_Mountain Classic Senior,0,40-44,https://utmb.world/en/runner/363827.katie.wallace,Katie WALLACE
KatarÃ­na PEJPKOVA-BEREÅ OVÃ,1216,F,ğŸ‡¸ğŸ‡° (Slovakia),#1_Vertical Uphill,0,,,
Kate CONNOLLY,4370,F,ğŸ‡®ğŸ‡ª (Ireland),#4_Mountain Classic Junior,0,,,
Katharina HARTMUTH,3131,F,ğŸ‡©ğŸ‡ª (Germany),#2_Trail Long,0,,,
Katherine CAÃ‘ETE,2067,F,ğŸ‡¨ğŸ‡± (Chile),#3_Trail Short,0,35-39,https://utmb.world/en/runner/694832.katherine.canete,Katherine CANETE
Kathrin GÃ–TZ,3282,F,ğŸ‡¨ğŸ‡­ (Switzerland),#2_Trail Long,0,,,
Katie GRAHAM,4371,F,ğŸ‡®ğŸ‡ª (Ireland),#4_Mountain Classic Junior,0,,,
Katja KEGL VENCELJ,3273,F,ğŸ‡¸ğŸ‡® (Slovenia),#2_Trail Long,0,35-39,https://utmb.world/en/runner/1852291.katja.keglvencelj,Katja KEGL VENCELJ
Kerri LABRECQUE,1036,F,ğŸ‡¨ğŸ‡¦ (Canada),#1_Vertical Uphill,0,,,
Kihyeon AN,2209,F,ğŸ‡°ğŸ‡· (South Korea),#3_Trail Short,0,20-34,https://utmb.world/en/runner/5027077.kihyeon.an,Kihyeon AN
Kinga ZÃ“LYOMI,1106,F,ğŸ‡­ğŸ‡º (Hungary),#1_Vertical Uphill,0,45-49,https://utmb.world/en/runner/1572723.kinga.zolyomi,Kinga ZÃ“LYOMI
Kinga ZÃ“LYOMI,4107,F,ğŸ‡­ğŸ‡º (Hungary),#5_Mountain Classic Senior,0,45-49,https://utmb.world/en/runner/1572723.kinga.zolyomi,Kinga ZÃ“LYOMI
Klara MOÄŒNIK,4405,F,ğŸ‡¸ğŸ‡® (Slovenia),#4_Mountain Classic Junior,0,,,
Klara VELEPEC,4407,F,ğŸ‡¸ğŸ‡® (Slovenia),#4_Mountain Classic Junior,0,,,
Kona BINTI LIAU A KEN,2236,F,ğŸ‡²ğŸ‡¾ (Malaysia),#3_Trail Short,0,50-54,https://utmb.world/en/runner/363186.konalydia.bintiliauaken,Kona-Lydia BINTI-LIAU-A KEN
Laura DOMENE,4069,F,ğŸ‡ªğŸ‡¸ (Spain),#5_Mountain Classic Senior,0,,,
Laura GALSI,4362,F,ğŸ‡­ğŸ‡º (Hungary),#4_Mountain Classic Junior,0,,,
Laura O'DRISCOLL,2177,F,ğŸ‡®ğŸ‡ª (Ireland),#3_Trail Short,0,,,
Laura ORDIALES,4338,F,ğŸ‡ªğŸ‡¸ (Spain),#4_Mountain Classic Junior,0,,,
Lauren RUSSELL,4355,F,ğŸ‡¬ğŸ‡§ (United Kingdom),#4_Mountain Classic Junior,0,35-39,https://utmb.world/en/runner/4176430.lauren.russell,Lauren RUSSELL
Leticia DA SILVA SALTORI,2043,F,ğŸ‡§ğŸ‡· (Brazil),#3_Trail Short,0,,,
Lili BECK,4344,F,ğŸ‡«ğŸ‡· (France),#4_Mountain Classic Junior,0,U20,https://utmb.world/en/runner/4948465.lili.beck,Lili BECK
Liliana Maria DRAGOMIR,1186,F,ğŸ‡·ğŸ‡´ (Romania),#1_Vertical Uphill,0,,,
Liliana Maria DRAGOMIR,4191,F,ğŸ‡·ğŸ‡´ (Romania),#5_Mountain Classic Senior,0,,,
Lily JIN,4430,F,ğŸ‡ºğŸ‡¸ (United States),#4_Mountain Classic Junior,0,,,
Lindsey WHITTON,4431,F,ğŸ‡ºğŸ‡¸ (United States),#4_Mountain Classic Junior,0,,,
Ling-Chun CHOU,3291,F,ğŸ‡¹ğŸ‡¼ (Taiwan),#2_Trail Long,0,50-54,https://utmb.world/en/runner/310872.lingchun.chou,Ling-Chun CHOU
Lucia ARNOLDO,4379,F,ğŸ‡®ğŸ‡¹ (Italy),#4_Mountain Classic Junior,0,,,
Lucija KOPIÄ†,1049,F,ğŸ‡­ğŸ‡· (Croatia),#1_Vertical Uphill,0,20-34,https://utmb.world/en/runner/3405919.lucija.kopic,Lucija KOPIC
Lucinda BARTHOLOMEW,3018,F,ğŸ‡¦ğŸ‡º (Australia),#2_Trail Long,0,,,
Maegan MECKANZIE,1239,F,ğŸ‡¿ğŸ‡¦ (South Africa),#1_Vertical Uphill,0,,,
Maia FLINT,1169,F,ğŸ‡³ğŸ‡¿ (New Zealand),#1_Vertical Uphill,0,,,
Maia FLINT,4171,F,ğŸ‡³ğŸ‡¿ (New Zealand),#5_Mountain Classic Senior,0,,,
Margot DAJOUX,4345,F,ğŸ‡«ğŸ‡· (France),#4_Mountain Classic Junior,0,U20,https://utmb.world/en/runner/4750644.margot.dajoux,Margot DAJOUX
Maria Belen BURGOS LOZADA,4318,F,ğŸ‡§ğŸ‡´ (Bolivia),#4_Mountain Classic Junior,0,,,
Maria JILOTE,1148,F,ğŸ‡²ğŸ‡½ (Mexico),#1_Vertical Uphill,0,,,
Maria JILOTE,4151,F,ğŸ‡²ğŸ‡½ (Mexico),#5_Mountain Classic Senior,0,,,
Maria Magdalena BOSINCEANU,1185,F,ğŸ‡·ğŸ‡´ (Romania),#1_Vertical Uphill,0,,,
Maria Magdalena BOSINCEANU,4190,F,ğŸ‡·ğŸ‡´ (Romania),#5_Mountain Classic Senior,0,,,
Maria ORDOÅƒEZ,4071,F,ğŸ‡ªğŸ‡¸ (Spain),#5_Mountain Classic Senior,0,50-54,https://utmb.world/en/runner/225339.mariaaroa.ordonezcarmona,Maria-Aroa ORDONEZ-CARMONA
Maria de Los Angeles PEREYRA,2013,F,ğŸ‡¦ğŸ‡· (Argentina),#3_Trail Short,0,50-54,https://utmb.world/en/runner/2992495.mariadelosangeles.pereyra,Maria De Los Angeles PEREYRA
Marie DESSART,1025,F,ğŸ‡§ğŸ‡ª (Belgium),#1_Vertical Uphill,0,40-44,https://utmb.world/en/runner/4191360.marie.dessart,Marie DESSART
Marie-Luise MÃœHLHUBER,3133,F,ğŸ‡©ğŸ‡ª (Germany),#2_Trail Long,0,40-44,https://utmb.world/en/runner/3615191.marieluise.muhlhuber,Marie-Luise MÃœHLHUBER
Mariel SALAZAR,1150,F,ğŸ‡²ğŸ‡½ (Mexico),#1_Vertical Uphill,0,20-34,https://utmb.world/en/runner/3892431.americamariel.salazarzamora,America Mariel SALAZAR ZAMORA
Marisa CORTRIGHT,1047,F,ğŸ‡­ğŸ‡· (Croatia),#1_Vertical Uphill,0,,,
Martyna MÅYNARCZYK,2271,F,ğŸ‡µğŸ‡± (Poland),#3_Trail Short,0,,,
Maryna SHAPOVALOVA,2341,F,ğŸ‡ºğŸ‡¦ (Ukraine),#3_Trail Short,0,20-34,https://utmb.world/en/runner/673189.maryna.shapovalova,Maryna SHAPOVALOVA
MarÃ­a Luciana URIOSTE CORREA,3011,F,ğŸ‡¦ğŸ‡· (Argentina),#2_Trail Long,0,,,
Matilde BAGNUS,4380,F,ğŸ‡®ğŸ‡¹ (Italy),#4_Mountain Classic Junior,0,U20,https://utmb.world/en/runner/4465600.matilde.bagnus,Matilde BAGNUS
Matilde BONINO,4381,F,ğŸ‡®ğŸ‡¹ (Italy),#4_Mountain Classic Junior,0,,,
Melanie MAURER,1211,F,ğŸ‡¨ğŸ‡­ (Switzerland),#1_Vertical Uphill,0,35-39,https://utmb.world/en/runner/3320941.melanie.maurer,Melanie MAURER
Milaina ALMONTE,4429,F,ğŸ‡ºğŸ‡¸ (United States),#4_Mountain Classic Junior,0,,,
Monica Madalina FLOREA,1187,F,ğŸ‡·ğŸ‡´ (Romania),#1_Vertical Uphill,0,,,
Monica Madalina FLOREA,4192,F,ğŸ‡·ğŸ‡´ (Romania),#5_Mountain Classic Senior,0,,,
Monika OGÃ“REK,4394,F,ğŸ‡µğŸ‡± (Poland),#4_Mountain Classic Junior,0,20-34,https://utmb.world/en/runner/1133203.monika.ogorek,Monika OGÃ“REK
Nadia Daniela BERNARDIS,4006,F,ğŸ‡¦ğŸ‡· (Argentina),#5_Mountain Classic Senior,0,,,
Nadia SOTO,4339,F,ğŸ‡ªğŸ‡¸ (Spain),#4_Mountain Classic Junior,0,U18,https://utmb.world/en/runner/4738464.nadia.sotoperez,Nadia SOTO PEREZ
Nancy CHEPKWURUI,4424,F,ğŸ‡ºğŸ‡¬ (Uganda),#4_Mountain Classic Junior,0,,,
NatÃ¡lia IKER,4363,F,ğŸ‡­ğŸ‡º (Hungary),#4_Mountain Classic Junior,0,,,
Nina VILLIGER,4413,F,ğŸ‡¨ğŸ‡­ (Switzerland),#4_Mountain Classic Junior,0,,,
Nina VOELCKEL,4101,F,ğŸ‡©ğŸ‡ª (Germany),#5_Mountain Classic Senior,0,,,
Norma Elizabeth HUERA ALDAS,2102,F,ğŸ‡ªğŸ‡¨ (Ecuador),#3_Trail Short,0,,,
NÃ©lie CLÃ‰MENT,4080,F,ğŸ‡«ğŸ‡· (France),#5_Mountain Classic Senior,0,,,
Olena KOVAL,4234,F,ğŸ‡ºğŸ‡¦ (Ukraine),#5_Mountain Classic Senior,0,,,
Olga Nataly TORRES GUZMAN,2104,F,ğŸ‡ªğŸ‡¨ (Ecuador),#3_Trail Short,0,,,
Patricia GONZÃLEZ,3058,F,ğŸ‡¨ğŸ‡± (Chile),#2_Trail Long,0,35-39,https://utmb.world/en/runner/2653573.patricia.gonzalezarriagada,Patricia GONZALEZ ARRIAGADA
Pauline TROCELLIER,4347,F,ğŸ‡«ğŸ‡· (France),#4_Mountain Classic Junior,0,U20,https://utmb.world/en/runner/4948361.pauline.trocellier,Pauline TROCELLIER
Petra HAVLOVÃ,4325,F,ğŸ‡¨ğŸ‡¿ (Czech Republic),#4_Mountain Classic Junior,0,45-49,https://utmb.world/en/runner/821268.petra.havlova,Petra HAVLOVA
Priscilla CHEPKWEMOI,4423,F,ğŸ‡ºğŸ‡¬ (Uganda),#4_Mountain Classic Junior,0,,,
Priya RAJ,2245,F,ğŸ‡³ğŸ‡µ (Nepal),#3_Trail Short,0,,,
Rachel BORG,1154,F,ğŸ‡²ğŸ‡¹ (Malta),#1_Vertical Uphill,0,,,
Rachel BORG,4156,F,ğŸ‡²ğŸ‡¹ (Malta),#5_Mountain Classic Senior,0,,,
Raluca Adriana BURTEA,2288,F,ğŸ‡·ğŸ‡´ (Romania),#3_Trail Short,0,20-34,https://utmb.world/en/runner/5079713.ralucaadriana.burtea,Raluca Adriana BURTEA
Rebecca FLAHERTY,4353,F,ğŸ‡¬ğŸ‡§ (United Kingdom),#4_Mountain Classic Junior,0,,,
Rebecca QUINN,3154,F,ğŸ‡®ğŸ‡ª (Ireland),#2_Trail Long,0,45-49,https://utmb.world/en/runner/2330559.rebecca.quinn,Rebecca QUINN
Risper CHEBET,1227,F,ğŸ‡ºğŸ‡¬ (Uganda),#1_Vertical Uphill,0,,,
Rojda GORAN,4419,F,ğŸ‡¹ğŸ‡· (TÃ¼rkiye),#4_Mountain Classic Junior,0,,,
Rosa MarÃ­a LARA,3097,F,ğŸ‡ªğŸ‡¸ (Spain),#2_Trail Long,0,,,
Sabrina EDWARDS,1168,F,ğŸ‡³ğŸ‡¿ (New Zealand),#1_Vertical Uphill,0,,,
Sabrina EDWARDS,4170,F,ğŸ‡³ğŸ‡¿ (New Zealand),#5_Mountain Classic Senior,0,,,
Sandrina ILLES,1020,F,ğŸ‡¦ğŸ‡¹ (Austria),#1_Vertical Uphill,0,,,
Sara BILBAN,4404,F,ğŸ‡¸ğŸ‡® (Slovenia),#4_Mountain Classic Junior,0,,,
Sara SUPERINA,1050,F,ğŸ‡­ğŸ‡· (Croatia),#1_Vertical Uphill,0,,,
Sarah DOUGLAS,1167,F,ğŸ‡³ğŸ‡¿ (New Zealand),#1_Vertical Uphill,0,35-39,https://utmb.world/en/runner/2330521.douglas.sarah,Douglas SARAH
Sarah DOUGLAS,4169,F,ğŸ‡³ğŸ‡¿ (New Zealand),#5_Mountain Classic Senior,0,35-39,https://utmb.world/en/runner/2330521.douglas.sarah,Douglas SARAH
Sasha GOLLISH,1035,F,ğŸ‡¨ğŸ‡¦ (Canada),#1_Vertical Uphill,0,,,
Selwyn RUSSELL,4310,F,ğŸ‡¦ğŸ‡º (Australia),#4_Mountain Classic Junior,0,,,
Seola JUNG,3185,F,ğŸ‡°ğŸ‡· (South Korea),#2_Trail Long,0,,,
SigÃ¾Ã³ra Brynja KRISTJÃNSDÃ“TTIR,2184,F,ğŸ‡®ğŸ‡¸ (Iceland),#3_Trail Short,0,20-34,https://utmb.world/en/runner/2204177.sigborabrynja.kristjansdottir,SigÃ¾Ã³ra Brynja KRISTJÃNSDÃ“TTIR
Silvia ORTEGA,2239,F,ğŸ‡²ğŸ‡½ (Mexico),#3_Trail Short,0,35-39,https://utmb.world/en/runner/2539189.silvia.ortegagalindo,Silvia ORTEGA GALINDO
Silvia SCHWAIGER,1217,F,ğŸ‡¸ğŸ‡° (Slovakia),#1_Vertical Uphill,0,40-44,https://utmb.world/en/runner/2330463.silvia.schwaiger,Silvia SCHWAIGER
Silvia SCHWAIGER,4223,F,ğŸ‡¸ğŸ‡° (Slovakia),#5_Mountain Classic Senior,0,40-44,https://utmb.world/en/runner/2330463.silvia.schwaiger,Silvia SCHWAIGER
Sofia CHÃ‰TELAT,4411,F,ğŸ‡¨ğŸ‡­ (Switzerland),#4_Mountain Classic Junior,0,,,
Sofia PEÃ‘A,4390,F,ğŸ‡²ğŸ‡½ (Mexico),#4_Mountain Classic Junior,0,,,
Sofiia POROKHNAVETS,2340,F,ğŸ‡ºğŸ‡¦ (Ukraine),#3_Trail Short,0,20-34,https://utmb.world/en/runner/4126916.sofiia.porokhnavets,Sofiia POROKHNAVETS
Stine Katrine Baekgaard OLSEN,2095,F,ğŸ‡©ğŸ‡° (Denmark),#3_Trail Short,0,,,
Susana ECHEVERRÃA,2280,F,ğŸ‡µğŸ‡¹ (Portugal),#3_Trail Short,0,,,
Sylwia KAPUSTA-SZYDÅAK,4182,F,ğŸ‡µğŸ‡± (Poland),#5_Mountain Classic Senior,0,40-44,https://utmb.world/en/runner/4127529.sylwia.kapustaszydlak,Sylwia KAPUSTA-SZYDÅAK
Tea FABER,1048,F,ğŸ‡­ğŸ‡· (Croatia),#1_Vertical Uphill,0,20-34,https://utmb.world/en/runner/2401277.tea.faber,Tea FABER
Teddy Simon CHEKWEMBOI,4229,F,ğŸ‡ºğŸ‡¬ (Uganda),#5_Mountain Classic Senior,0,,,
Tereza HROCHOVÃ,1056,F,ğŸ‡¨ğŸ‡¿ (Czech Republic),#1_Vertical Uphill,0,20-34,https://utmb.world/en/runner/3709151.tereza.hrochova,Tereza HROCHOVA
Tereza HROCHOVÃ,4053,F,ğŸ‡¨ğŸ‡¿ (Czech Republic),#5_Mountain Classic Senior,0,20-34,https://utmb.world/en/runner/3709151.tereza.hrochova,Tereza HROCHOVA
Tetiana DAVYDENKO,4232,F,ğŸ‡ºğŸ‡¦ (Ukraine),#5_Mountain Classic Senior,0,20-34,https://utmb.world/en/runner/4090712.tetiana.davydenko,Tetiana DAVYDENKO
Therese Dahl Ã…RVIK,3227,F,ğŸ‡³ğŸ‡´ (Norway),#2_Trail Long,0,,,
Valentina BELOTTI,1121,F,ğŸ‡®ğŸ‡¹ (Italy),#1_Vertical Uphill,0,40-44,https://utmb.world/en/runner/3310083.valentina.belotti,Valentina BELOTTI
Valentina VENERUCCI,1204,F,ğŸ‡¸ğŸ‡² (San Marino),#1_Vertical Uphill,0,,,
Valentina VENERUCCI,4212,F,ğŸ‡¸ğŸ‡² (San Marino),#5_Mountain Classic Senior,0,,,
Valentine Jepkoech RUTTO,1132,F,ğŸ‡°ğŸ‡ª (Kenya),#1_Vertical Uphill,0,,,
Valentine Jepkoech RUTTO,4136,F,ğŸ‡°ğŸ‡ª (Kenya),#5_Mountain Classic Senior,0,,,
Valeria CORREA,1041,F,ğŸ‡¨ğŸ‡± (Chile),#1_Vertical Uphill,0,,,
Vanda LÃ–VEI,4364,F,ğŸ‡­ğŸ‡º (Hungary),#4_Mountain Classic Junior,0,,,
Veronika JURIÅ IÄ†,3070,F,ğŸ‡­ğŸ‡· (Croatia),#2_Trail Long,0,45-49,https://utmb.world/en/runner/86141.veronika.jurisic,Veronika JURISIC
Veronika PÃLENIKOVÃ,2321,F,ğŸ‡¸ğŸ‡° (Slovakia),#3_Trail Short,0,,,
VerÃ³nica BRAVO,2065,F,ğŸ‡¨ğŸ‡± (Chile),#3_Trail Short,0,40-44,https://utmb.world/en/runner/200832.veronica.bravo,Veronica BRAVO
Victoire CRAVATTE,4023,F,ğŸ‡§ğŸ‡ª (Belgium),#5_Mountain Classic Senior,0,20-34,https://utmb.world/en/runner/2238225.victoire.cravatte,Victoire CRAVATTE
Virginija BERNOTAITE,1140,F,ğŸ‡±ğŸ‡¹ (Lithuania),#1_Vertical Uphill,0,,,
Vivien BONZI,1122,F,ğŸ‡®ğŸ‡¹ (Italy),#1_Vertical Uphill,0,,,
Vivien BONZI,4125,F,ğŸ‡®ğŸ‡¹ (Italy),#5_Mountain Classic Senior,0,,,
Yi-Chun CHOU,2332,F,ğŸ‡¹ğŸ‡¼ (Taiwan),#3_Trail Short,0,40-44,https://utmb.world/en/runner/1443813.yichun.chou,Yi Chun CHOU
Yvonne KEIL,3032,F,ğŸ‡¦ğŸ‡¹ (Austria),#2_Trail Long,0,,,
Zeynep ERTAÅ,4418,F,ğŸ‡¹ğŸ‡· (TÃ¼rkiye),#4_Mountain Classic Junior,0,,,
Zofia TEOFILEWSKA,4395,F,ğŸ‡µğŸ‡± (Poland),#4_Mountain Classic Junior,0,,,
